class_cat,seq_name,class_id,qp,msr,IDF1,IDP,IDR,Rcll,Prcn,GT,MT,PT,ML,FP,FN,IDs,FM,MOTA,MOTP,IDt,IDa,IDm
ClassB,BasketballDrive,0,18,16,43.2,46.2,40.6,85.4,97.4,7,5,2,0,63,403,51,66,81.3,0.186,5,45,0
ClassB,BasketballDrive,32,18,16,8.8,34.4,5.1,14.5,98.5,4,0,1,3,2,759,8,10,13.4,0.215,0,8,0
ClassB,BasketballDrive,56,18,16,28.1,26.3,30.0,61.2,53.8,6,0,6,0,362,268,27,29,4.8,0.179,0,27,0
ClassB,BasketballDrive,all,18,16,35.8,41.0,31.6,67.1,87.2,17,5,9,3,428,1430,86,106,55.3,0.186,5,80,0
ClassB,BasketballDrive,0,18,32,43.3,46.3,40.7,85.5,97.4,7,5,2,0,63,402,51,66,81.4,0.186,6,44,0
ClassB,BasketballDrive,32,18,32,9.2,34.1,5.3,15.3,98.6,4,0,1,3,2,752,8,9,14.2,0.218,0,8,0
ClassB,BasketballDrive,56,18,32,28.0,26.3,29.9,61.4,54.4,6,0,6,0,355,266,26,28,6.2,0.180,0,26,0
ClassB,BasketballDrive,all,18,32,35.9,41.2,31.8,67.4,87.5,17,5,9,3,418,1418,85,103,55.8,0.186,6,78,0
ClassB,BasketballDrive,0,18,64,43.1,45.9,40.5,85.5,97.2,7,5,2,0,68,400,49,67,81.3,0.186,5,43,0
ClassB,BasketballDrive,32,18,64,9.6,36.0,5.5,15.1,98.5,4,0,1,3,2,754,8,11,14.0,0.216,0,8,0
ClassB,BasketballDrive,56,18,64,28.5,26.9,30.1,60.6,54.4,6,0,6,0,351,272,27,29,5.8,0.180,0,27,0
ClassB,BasketballDrive,all,18,64,35.8,41.2,31.7,67.2,87.4,17,5,9,3,421,1427,84,107,55.5,0.187,5,78,0
ClassB,BasketballDrive,0,22,16,41.9,44.8,39.2,85.2,97.5,7,5,2,0,60,410,51,67,81.2,0.188,7,43,0
ClassB,BasketballDrive,32,22,16,11.7,42.6,6.8,15.4,97.2,4,0,1,3,4,751,6,8,14.3,0.211,0,6,0
ClassB,BasketballDrive,56,22,16,27.9,26.0,30.0,60.3,52.5,6,0,6,0,376,274,27,28,1.9,0.183,0,27,0
ClassB,BasketballDrive,all,22,16,35.2,40.4,31.2,67.1,87.0,17,5,9,3,437,1431,84,104,55.1,0.188,8,76,1
ClassB,BasketballDrive,0,22,32,38.1,40.8,35.7,85.0,97.4,7,5,2,0,64,414,56,69,80.7,0.187,10,45,0
ClassB,BasketballDrive,32,22,32,9.0,35.7,5.2,14.3,98.4,4,0,1,3,2,761,8,9,13.2,0.214,0,8,0
ClassB,BasketballDrive,56,22,32,27.8,25.9,29.9,60.0,52.4,6,0,6,0,376,276,25,27,1.9,0.183,0,25,0
ClassB,BasketballDrive,all,22,32,35.0,40.2,30.9,66.7,86.8,17,5,9,3,442,1447,88,106,54.5,0.188,11,77,1
ClassB,BasketballDrive,0,22,64,42.0,44.8,39.4,85.5,97.4,7,5,2,0,63,401,51,67,81.4,0.188,8,42,0
ClassB,BasketballDrive,32,22,64,11.0,42.7,6.3,14.5,98.5,4,0,1,3,2,759,9,11,13.3,0.219,0,9,0
ClassB,BasketballDrive,56,22,64,28.6,27.1,30.0,58.4,53.0,6,0,6,0,357,287,26,27,2.9,0.182,0,26,0
ClassB,BasketballDrive,all,22,64,35.4,40.7,31.2,66.8,87.4,17,5,9,3,420,1444,86,105,55.1,0.188,9,77,1
ClassB,BasketballDrive,0,26,16,41.8,44.7,39.2,85.4,97.5,7,5,2,0,60,405,50,66,81.4,0.187,6,43,0
ClassB,BasketballDrive,32,26,16,8.4,36.2,4.7,12.7,97.4,4,0,1,3,3,775,8,8,11.5,0.211,0,8,0
ClassB,BasketballDrive,56,26,16,27.3,25.6,29.0,57.7,51.3,6,0,6,0,378,292,24,27,-0.6,0.181,0,24,0
ClassB,BasketballDrive,all,26,16,34.7,40.0,30.6,66.2,86.8,17,5,9,3,439,1469,82,101,54.2,0.187,7,75,1
ClassB,BasketballDrive,0,26,32,41.6,44.5,39.1,85.3,97.2,7,5,2,0,68,408,54,69,80.8,0.187,7,45,0
ClassB,BasketballDrive,32,26,32,10.0,38.1,5.7,14.8,97.8,4,0,1,3,3,757,7,9,13.6,0.220,0,7,0
ClassB,BasketballDrive,56,26,32,29.6,27.6,31.9,58.8,51.1,6,0,6,0,388,284,22,25,-0.6,0.185,0,22,0
ClassB,BasketballDrive,all,26,32,35.2,40.3,31.2,66.7,86.4,17,5,9,3,456,1445,83,105,54.3,0.188,8,74,1
ClassB,BasketballDrive,0,26,64,41.7,44.6,39.1,85.1,97.2,7,5,2,0,68,413,51,69,80.8,0.187,6,44,0
ClassB,BasketballDrive,32,26,64,9.9,39.4,5.6,14.0,97.6,4,0,1,3,3,764,8,10,12.7,0.225,0,8,0
ClassB,BasketballDrive,56,26,64,27.9,26.2,29.7,58.1,51.5,6,0,6,0,378,289,25,26,-0.3,0.182,0,25,0
ClassB,BasketballDrive,all,26,64,34.9,40.1,30.8,66.3,86.6,17,5,9,3,447,1464,84,105,54.1,0.188,7,77,1
ClassB,BasketballDrive,0,30,16,43.1,46.2,40.3,84.7,97.3,7,5,2,0,66,422,50,66,80.6,0.185,6,42,0
ClassB,BasketballDrive,32,30,16,8.9,37.5,5.1,13.3,98.3,4,0,1,3,2,770,8,8,12.2,0.212,0,8,0
ClassB,BasketballDrive,56,30,16,30.3,29.0,31.6,58.1,53.7,6,0,6,0,346,289,22,24,4.8,0.182,0,22,0
ClassB,BasketballDrive,all,30,16,36.2,42.0,31.8,66.0,87.4,17,5,9,3,414,1478,80,99,54.6,0.186,6,72,0
ClassB,BasketballDrive,0,30,32,43.3,46.4,40.5,84.8,97.3,7,5,2,0,66,420,50,67,80.6,0.185,7,42,0
ClassB,BasketballDrive,32,30,32,9.6,44.4,5.4,11.8,97.2,4,0,1,3,3,783,6,7,10.8,0.201,0,6,0
ClassB,BasketballDrive,56,30,32,27.5,25.7,29.4,58.8,51.7,6,0,6,0,379,284,27,29,0.0,0.184,0,27,0
ClassB,BasketballDrive,all,30,32,35.9,41.5,31.6,65.8,86.5,17,5,9,3,446,1484,83,104,53.7,0.186,8,75,1
ClassB,BasketballDrive,0,30,64,42.0,45.0,39.3,84.6,97.1,7,5,2,0,71,426,51,67,80.2,0.187,8,43,0
ClassB,BasketballDrive,32,30,64,7.8,36.1,4.4,11.8,97.2,4,0,1,3,3,783,6,7,10.8,0.209,0,6,0
ClassB,BasketballDrive,56,30,64,29.4,27.6,31.3,57.8,51.2,6,0,6,0,380,291,24,27,-0.7,0.180,0,24,0
ClassB,BasketballDrive,all,30,64,35.2,40.6,31.0,65.6,86.2,17,5,9,3,455,1495,81,102,53.3,0.187,9,73,1
ClassB,BasketballDrive,0,34,16,43.5,46.8,40.5,84.4,97.4,7,5,2,0,62,432,53,69,80.2,0.183,6,46,0
ClassB,BasketballDrive,32,34,16,7.5,38.1,4.2,10.6,96.9,4,0,1,3,3,794,6,6,9.6,0.203,0,6,0
ClassB,BasketballDrive,56,34,16,28.3,27.2,29.4,57.1,53.0,6,0,6,0,349,296,22,23,3.3,0.180,0,22,0
ClassB,BasketballDrive,all,34,16,36.0,42.1,31.4,65.0,87.3,17,5,9,3,411,1519,81,99,53.7,0.184,6,74,0
ClassB,BasketballDrive,0,34,32,43.4,46.7,40.5,84.5,97.5,7,5,2,0,61,428,52,68,80.4,0.182,6,44,0
ClassB,BasketballDrive,32,34,32,10.1,46.7,5.6,11.8,98.1,4,0,1,3,2,783,6,7,10.9,0.216,0,6,0
ClassB,BasketballDrive,56,34,32,30.5,29.5,31.4,56.5,53.4,6,0,6,0,341,300,22,25,3.9,0.183,0,22,0
ClassB,BasketballDrive,all,34,32,36.7,42.8,32.0,65.3,87.6,17,5,9,3,403,1509,80,100,54.2,0.183,6,72,0
ClassB,BasketballDrive,0,34,64,43.5,46.9,40.5,84.3,97.6,7,5,2,0,58,434,48,66,80.5,0.183,4,44,0
ClassB,BasketballDrive,32,34,64,7.8,35.1,4.4,12.2,97.3,4,0,1,3,3,780,5,5,11.3,0.214,0,5,0
ClassB,BasketballDrive,56,34,64,29.8,28.9,30.6,55.4,52.7,6,0,6,0,343,308,21,25,2.6,0.181,0,21,0
ClassB,BasketballDrive,all,34,64,36.3,42.5,31.7,65.1,87.6,17,5,9,3,400,1518,74,98,54.2,0.184,5,69,0
ClassB,BasketballDrive,0,38,16,42.1,45.6,39.1,83.9,97.9,7,5,2,0,49,446,55,67,80.1,0.182,8,45,0
ClassB,BasketballDrive,32,38,16,10.2,66.2,5.5,8.2,98.6,4,0,0,4,1,815,3,5,7.8,0.199,0,3,0
ClassB,BasketballDrive,56,38,16,32.0,31.9,31.9,55.7,56.0,6,0,6,0,302,306,23,26,8.6,0.179,0,23,0
ClassB,BasketballDrive,all,38,16,36.2,43.1,31.1,64.0,88.8,17,5,8,4,351,1566,81,98,54.0,0.182,8,71,0
ClassB,BasketballDrive,0,38,32,42.9,46.4,39.9,83.8,97.7,7,5,2,0,54,447,50,67,80.1,0.184,6,44,0
ClassB,BasketballDrive,32,38,32,7.7,48.7,4.2,8.4,98.7,4,0,0,4,1,813,5,7,7.8,0.200,0,5,0
ClassB,BasketballDrive,56,38,32,31.8,31.0,32.5,58.0,55.7,6,0,6,0,318,290,21,24,8.8,0.190,0,21,0
ClassB,BasketballDrive,all,38,32,36.4,43.0,31.5,64.4,88.2,17,5,8,4,373,1547,76,99,54.1,0.185,6,70,0
ClassB,BasketballDrive,0,38,64,43.4,47.0,40.3,83.8,97.8,7,5,2,0,53,447,52,63,80.1,0.183,7,45,0
ClassB,BasketballDrive,32,38,64,9.2,51.1,5.1,9.5,95.5,4,0,1,3,4,804,4,5,8.6,0.203,0,4,0
ClassB,BasketballDrive,56,38,64,32.3,32.2,32.2,57.5,57.9,6,0,6,0,289,293,19,21,12.9,0.180,0,19,0
ClassB,BasketballDrive,all,38,64,37.0,43.9,31.9,64.5,89.0,17,5,9,3,346,1542,75,89,54.8,0.184,7,68,0
ClassB,Cactus,58,18,16,27.3,32.1,23.8,60.0,80.9,1,0,1,0,71,200,7,12,44.4,0.119,0,7,0
ClassB,Cactus,all,18,16,27.3,32.1,23.8,60.0,80.9,1,0,1,0,71,200,7,12,44.4,0.119,0,7,0
ClassB,Cactus,58,18,32,26.3,30.0,23.4,60.4,77.4,1,0,1,0,88,198,6,13,41.6,0.119,0,6,0
ClassB,Cactus,all,18,32,26.3,30.0,23.4,60.4,77.4,1,0,1,0,88,198,6,13,41.6,0.119,0,6,0
ClassB,Cactus,58,18,64,29.3,34.6,25.4,61.4,83.7,1,0,1,0,60,193,6,11,48.2,0.121,0,6,0
ClassB,Cactus,all,18,64,29.3,34.6,25.4,61.4,83.7,1,0,1,0,60,193,6,11,48.2,0.121,0,6,0
ClassB,Cactus,58,22,16,25.0,30.8,21.0,55.0,80.6,1,0,1,0,66,225,6,14,40.6,0.121,0,6,0
ClassB,Cactus,all,22,16,25.0,30.8,21.0,55.0,80.6,1,0,1,0,66,225,6,14,40.6,0.121,0,6,0
ClassB,Cactus,58,22,32,25.7,29.9,22.6,56.6,74.9,1,0,1,0,95,217,8,13,36.0,0.122,0,8,0
ClassB,Cactus,all,22,32,25.7,29.9,22.6,56.6,74.9,1,0,1,0,95,217,8,13,36.0,0.122,0,8,0
ClassB,Cactus,58,22,64,27.9,31.9,24.8,61.2,78.7,1,0,1,0,83,194,8,11,43.0,0.121,0,8,0
ClassB,Cactus,all,22,64,27.9,31.9,24.8,61.2,78.7,1,0,1,0,83,194,8,11,43.0,0.121,0,8,0
ClassB,Cactus,58,26,16,30.0,35.0,26.2,63.2,84.5,1,0,1,0,58,184,7,14,50.2,0.124,0,7,0
ClassB,Cactus,all,26,16,30.0,35.0,26.2,63.2,84.5,1,0,1,0,58,184,7,14,50.2,0.124,0,7,0
ClassB,Cactus,58,26,32,30.2,35.7,26.2,63.2,86.1,1,0,1,0,51,184,7,11,51.6,0.122,0,7,0
ClassB,Cactus,all,26,32,30.2,35.7,26.2,63.2,86.1,1,0,1,0,51,184,7,11,51.6,0.122,0,7,0
ClassB,Cactus,58,26,64,26.7,31.7,23.0,58.4,80.4,1,0,1,0,71,208,9,14,42.4,0.121,0,9,0
ClassB,Cactus,all,26,64,26.7,31.7,23.0,58.4,80.4,1,0,1,0,71,208,9,14,42.4,0.121,0,9,0
ClassB,Cactus,58,30,16,14.8,18.5,12.4,60.6,90.2,1,0,1,0,33,197,9,16,52.2,0.127,0,9,0
ClassB,Cactus,all,30,16,14.8,18.5,12.4,60.6,90.2,1,0,1,0,33,197,9,16,52.2,0.127,0,9,0
ClassB,Cactus,58,30,32,20.6,25.4,17.4,60.6,88.3,1,0,1,0,40,197,8,16,51.0,0.129,0,8,0
ClassB,Cactus,all,30,32,20.6,25.4,17.4,60.6,88.3,1,0,1,0,40,197,8,16,51.0,0.129,0,8,0
ClassB,Cactus,58,30,64,25.6,31.9,21.4,56.6,84.5,1,0,1,0,52,217,5,15,45.2,0.125,0,5,0
ClassB,Cactus,all,30,64,25.6,31.9,21.4,56.6,84.5,1,0,1,0,52,217,5,15,45.2,0.125,0,5,0
ClassB,Cactus,58,34,16,25.6,30.6,22.0,64.2,89.4,1,0,1,0,38,179,8,13,55.0,0.128,0,8,0
ClassB,Cactus,all,34,16,25.6,30.6,22.0,64.2,89.4,1,0,1,0,38,179,8,13,55.0,0.128,0,8,0
ClassB,Cactus,58,34,32,21.9,26.5,18.6,60.8,86.6,1,0,1,0,47,196,9,11,49.6,0.121,0,9,0
ClassB,Cactus,all,34,32,21.9,26.5,18.6,60.8,86.6,1,0,1,0,47,196,9,11,49.6,0.121,0,9,0
ClassB,Cactus,58,34,64,14.7,18.0,12.4,61.8,89.6,1,0,1,0,36,191,8,10,53.0,0.125,0,8,0
ClassB,Cactus,all,34,64,14.7,18.0,12.4,61.8,89.6,1,0,1,0,36,191,8,10,53.0,0.125,0,8,0
ClassB,Cactus,58,38,16,27.0,32.9,22.8,65.4,94.5,1,0,1,0,19,173,8,17,60.0,0.132,0,8,0
ClassB,Cactus,all,38,16,27.0,32.9,22.8,65.4,94.5,1,0,1,0,19,173,8,17,60.0,0.132,0,8,0
ClassB,Cactus,58,38,32,21.5,24.7,19.0,69.2,89.9,1,0,1,0,39,154,5,14,60.4,0.134,0,5,0
ClassB,Cactus,all,38,32,21.5,24.7,19.0,69.2,89.9,1,0,1,0,39,154,5,14,60.4,0.134,0,5,0
ClassB,Cactus,58,38,64,30.8,36.2,26.8,62.0,83.8,1,0,1,0,60,190,6,15,48.8,0.131,0,6,0
ClassB,Cactus,all,38,64,30.8,36.2,26.8,62.0,83.8,1,0,1,0,60,190,6,15,48.8,0.131,0,6,0
ClassB,Kimono,0,18,16,58.9,59.6,58.3,97.9,100.0,1,1,0,0,0,5,1,1,97.5,0.141,0,1,0
ClassB,Kimono,26,18,16,3.2,100.0,1.6,1.6,100.0,1,0,0,1,0,120,0,0,1.6,0.129,0,0,0
ClassB,Kimono,all,18,16,47.4,59.9,39.2,65.5,100.0,2,1,0,1,0,125,1,1,65.2,0.141,0,1,0
ClassB,Kimono,0,18,32,58.9,59.6,58.3,97.9,100.0,1,1,0,0,0,5,1,1,97.5,0.141,0,1,0
ClassB,Kimono,26,18,32,4.8,100.0,2.5,2.5,100.0,1,0,0,1,0,119,0,0,2.5,0.368,0,0,0
ClassB,Kimono,all,18,32,47.7,60.1,39.5,65.7,100.0,2,1,0,1,0,124,1,1,65.5,0.144,0,1,0
ClassB,Kimono,0,18,64,58.9,59.6,58.3,97.9,100.0,1,1,0,0,0,5,1,1,97.5,0.138,0,1,0
ClassB,Kimono,26,18,64,3.2,100.0,1.6,1.6,100.0,1,0,0,1,0,120,0,0,1.6,0.308,0,0,0
ClassB,Kimono,all,18,64,47.4,59.9,39.2,65.5,100.0,2,1,0,1,0,125,1,1,65.2,0.140,0,1,0
ClassB,Kimono,0,22,16,58.9,59.6,58.3,97.9,100.0,1,1,0,0,0,5,1,1,97.5,0.139,0,1,0
ClassB,Kimono,26,22,16,3.2,100.0,1.6,1.6,100.0,1,0,0,1,0,120,0,0,1.6,0.074,0,0,0
ClassB,Kimono,all,22,16,47.4,59.9,39.2,65.5,100.0,2,1,0,1,0,125,1,1,65.2,0.139,0,1,0
ClassB,Kimono,0,22,32,58.9,59.6,58.3,97.9,100.0,1,1,0,0,0,5,1,1,97.5,0.139,0,1,0
ClassB,Kimono,26,22,32,3.2,66.7,1.6,2.5,100.0,1,0,0,1,0,119,1,1,1.6,0.147,0,1,0
ClassB,Kimono,all,22,32,47.3,59.7,39.2,65.7,100.0,2,1,0,1,0,124,2,2,65.2,0.139,0,2,0
ClassB,Kimono,0,22,64,58.9,59.6,58.3,97.9,100.0,1,1,0,0,0,5,1,1,97.5,0.138,0,1,0
ClassB,Kimono,26,22,64,6.3,100.0,3.3,3.3,100.0,1,0,0,1,0,118,0,0,3.3,0.117,0,0,0
ClassB,Kimono,all,22,64,47.9,60.3,39.8,66.0,100.0,2,1,0,1,0,123,1,1,65.7,0.138,0,1,0
ClassB,Kimono,0,26,16,58.9,59.6,58.3,97.9,100.0,1,1,0,0,0,5,1,1,97.5,0.139,0,1,0
ClassB,Kimono,26,26,16,0.0,nan,0.0,0.0,nan,1,0,0,1,0,122,0,0,0.0,nan,0,0,0
ClassB,Kimono,all,26,16,46.9,59.6,38.7,64.9,100.0,2,1,0,1,0,127,1,1,64.6,0.139,0,1,0
ClassB,Kimono,0,26,32,58.9,59.6,58.3,97.9,100.0,1,1,0,0,0,5,1,1,97.5,0.138,0,1,0
ClassB,Kimono,26,26,32,0.0,nan,0.0,0.0,nan,1,0,0,1,0,122,0,0,0.0,nan,0,0,0
ClassB,Kimono,all,26,32,46.9,59.6,38.7,64.9,100.0,2,1,0,1,0,127,1,1,64.6,0.138,0,1,0
ClassB,Kimono,0,26,64,58.9,59.6,58.3,97.9,100.0,1,1,0,0,0,5,1,1,97.5,0.141,0,1,0
ClassB,Kimono,26,26,64,1.6,100.0,0.8,0.8,100.0,1,0,0,1,0,121,0,0,0.8,0.069,0,0,0
ClassB,Kimono,all,26,64,47.2,59.7,39.0,65.2,100.0,2,1,0,1,0,126,1,1,64.9,0.141,0,1,0
ClassB,Kimono,0,30,16,58.9,59.6,58.3,97.9,100.0,1,1,0,0,0,5,1,1,97.5,0.136,0,1,0
ClassB,Kimono,26,30,16,0.0,nan,0.0,0.0,nan,1,0,0,1,0,122,0,0,0.0,nan,0,0,0
ClassB,Kimono,all,30,16,46.9,59.6,38.7,64.9,100.0,2,1,0,1,0,127,1,1,64.6,0.136,0,1,0
ClassB,Kimono,0,30,32,58.9,59.6,58.3,97.9,100.0,1,1,0,0,0,5,1,1,97.5,0.137,0,1,0
ClassB,Kimono,26,30,32,0.0,nan,0.0,0.0,nan,1,0,0,1,0,122,0,0,0.0,nan,0,0,0
ClassB,Kimono,all,30,32,46.9,59.6,38.7,64.9,100.0,2,1,0,1,0,127,1,1,64.6,0.137,0,1,0
ClassB,Kimono,0,30,64,58.9,59.6,58.3,97.9,100.0,1,1,0,0,0,5,1,1,97.5,0.137,0,1,0
ClassB,Kimono,26,30,64,0.0,nan,0.0,0.0,nan,1,0,0,1,0,122,0,0,0.0,nan,0,0,0
ClassB,Kimono,all,30,64,46.9,59.6,38.7,64.9,100.0,2,1,0,1,0,127,1,1,64.6,0.137,0,1,0
ClassB,Kimono,0,34,16,58.9,59.6,58.3,97.9,100.0,1,1,0,0,0,5,1,1,97.5,0.139,0,1,0
ClassB,Kimono,26,34,16,0.0,0.0,0.0,0.0,0.0,1,0,0,1,1,122,0,0,-0.8,nan,0,0,0
ClassB,Kimono,all,34,16,46.8,59.3,38.7,64.9,99.6,2,1,0,1,1,127,1,1,64.4,0.139,0,1,0
ClassB,Kimono,0,34,32,58.9,59.6,58.3,97.9,100.0,1,1,0,0,0,5,1,1,97.5,0.137,0,1,0
ClassB,Kimono,26,34,32,0.0,nan,0.0,0.0,nan,1,0,0,1,0,122,0,0,0.0,nan,0,0,0
ClassB,Kimono,all,34,32,46.9,59.6,38.7,64.9,100.0,2,1,0,1,0,127,1,1,64.6,0.137,0,1,0
ClassB,Kimono,0,34,64,58.9,59.6,58.3,97.9,100.0,1,1,0,0,0,5,1,1,97.5,0.134,0,1,0
ClassB,Kimono,26,34,64,0.0,nan,0.0,0.0,nan,1,0,0,1,0,122,0,0,0.0,nan,0,0,0
ClassB,Kimono,all,34,64,46.9,59.6,38.7,64.9,100.0,2,1,0,1,0,127,1,1,64.6,0.134,0,1,0
ClassB,Kimono,0,38,16,58.9,59.6,58.3,97.9,100.0,1,1,0,0,0,5,1,1,97.5,0.137,0,1,0
ClassB,Kimono,26,38,16,0.0,0.0,0.0,0.0,0.0,1,0,0,1,2,122,0,0,-1.6,nan,0,0,0
ClassB,Kimono,all,38,16,46.7,59.1,38.7,64.9,99.2,2,1,0,1,2,127,1,1,64.1,0.137,0,1,0
ClassB,Kimono,0,38,32,58.9,59.6,58.3,97.9,100.0,1,1,0,0,0,5,1,1,97.5,0.135,0,1,0
ClassB,Kimono,26,38,32,0.0,0.0,0.0,0.0,0.0,1,0,0,1,2,122,0,0,-1.6,nan,0,0,0
ClassB,Kimono,all,38,32,46.7,59.1,38.7,64.9,99.2,2,1,0,1,2,127,1,1,64.1,0.135,0,1,0
ClassB,Kimono,0,38,64,58.9,59.6,58.3,97.9,100.0,1,1,0,0,0,5,1,1,97.5,0.136,0,1,0
ClassB,Kimono,26,38,64,0.0,0.0,0.0,0.0,0.0,1,0,0,1,2,122,0,0,-1.6,nan,0,0,0
ClassB,Kimono,all,38,64,46.7,59.1,38.7,64.9,99.2,2,1,0,1,2,127,1,1,64.1,0.136,0,1,0
ClassB,ParkScene,0,18,16,62.9,70.8,56.0,77.7,99.5,3,2,1,0,2,126,8,12,76.0,0.155,1,7,0
ClassB,ParkScene,1,18,16,91.8,95.0,88.8,90.6,97.0,3,3,0,0,9,30,1,2,87.5,0.198,0,1,0
ClassB,ParkScene,13,18,16,10.6,52.9,5.9,9.9,93.8,4,0,1,3,4,554,2,6,8.9,0.293,0,2,0
ClassB,ParkScene,all,18,16,55.2,78.2,42.4,52.7,98.1,10,5,2,3,15,710,11,20,51.0,0.181,1,10,0
ClassB,ParkScene,0,18,32,63.0,70.6,56.4,78.4,99.6,3,2,1,0,2,122,8,11,76.7,0.155,1,7,0
ClassB,ParkScene,1,18,32,91.9,95.3,88.8,90.6,97.3,3,3,0,0,8,30,1,2,87.8,0.199,0,1,0
ClassB,ParkScene,13,18,32,10.7,48.1,6.0,10.7,89.2,4,0,1,3,8,549,6,9,8.5,0.278,0,6,0
ClassB,ParkScene,all,18,32,55.2,77.4,42.6,53.3,97.8,10,5,2,3,18,701,15,22,51.1,0.181,1,14,0
ClassB,ParkScene,0,18,64,63.4,71.0,56.7,78.4,99.6,3,2,1,0,2,122,8,12,76.7,0.155,1,7,0
ClassB,ParkScene,1,18,64,92.2,95.9,88.8,90.3,97.6,3,3,0,0,7,31,1,2,87.8,0.197,0,1,0
ClassB,ParkScene,13,18,64,9.5,50.8,5.2,8.6,88.3,4,0,1,3,7,562,6,10,6.5,0.286,0,6,0
ClassB,ParkScene,all,18,64,55.3,78.5,42.4,52.4,98.0,10,5,2,3,16,715,15,24,50.3,0.179,1,14,0
ClassB,ParkScene,0,22,16,63.0,70.7,56.2,78.1,99.5,3,2,1,0,2,124,9,13,76.1,0.156,1,8,0
ClassB,ParkScene,1,22,16,91.7,95.6,88.1,89.7,97.3,3,3,0,0,8,33,1,2,86.9,0.196,0,1,0
ClassB,ParkScene,13,22,16,9.4,48.5,5.2,9.8,95.2,4,0,1,3,3,555,4,6,8.6,0.287,0,4,0
ClassB,ParkScene,all,22,16,54.9,77.9,42.1,52.6,98.4,10,5,2,3,13,712,14,21,50.8,0.180,1,13,0
ClassB,ParkScene,0,22,32,62.8,70.4,56.0,78.1,99.5,3,2,1,0,2,124,8,12,76.3,0.154,1,7,0
ClassB,ParkScene,1,22,32,91.4,94.9,88.1,90.0,97.0,3,3,0,0,9,32,1,2,86.9,0.198,0,1,0
ClassB,ParkScene,13,22,32,9.6,56.1,5.2,8.0,90.7,4,0,0,4,5,566,4,7,6.5,0.278,0,4,0
ClassB,ParkScene,all,22,32,55.0,78.5,42.0,51.9,98.0,10,5,1,4,16,722,13,21,50.0,0.178,1,12,0
ClassB,ParkScene,0,22,64,63.1,71.0,56.2,77.7,99.5,3,2,1,0,2,126,8,12,76.0,0.156,1,7,0
ClassB,ParkScene,1,22,64,91.4,94.9,88.1,90.0,97.0,3,3,0,0,9,32,1,2,86.9,0.196,0,1,0
ClassB,ParkScene,13,22,64,9.2,51.7,5.0,8.1,87.7,4,0,1,3,7,565,3,8,6.5,0.294,0,3,0
ClassB,ParkScene,all,22,64,54.9,78.4,42.0,51.8,97.7,10,5,2,3,18,723,12,22,49.8,0.180,1,11,0
ClassB,ParkScene,0,26,16,63.7,72.6,56.2,76.0,99.5,3,2,1,0,2,136,6,10,74.6,0.154,1,5,0
ClassB,ParkScene,1,26,16,92.2,96.6,88.1,90.0,98.6,3,3,0,0,4,32,1,2,88.4,0.199,0,1,0
ClassB,ParkScene,13,26,16,9.2,52.5,5.0,8.3,91.1,4,0,1,3,5,564,5,8,6.7,0.300,0,5,0
ClassB,ParkScene,all,26,16,55.3,80.0,42.0,51.2,98.6,10,5,2,3,11,732,12,20,49.7,0.181,1,11,0
ClassB,ParkScene,0,26,32,62.8,70.4,56.0,77.9,99.3,3,2,1,0,3,125,8,12,76.0,0.153,1,7,0
ClassB,ParkScene,1,26,32,91.6,95.0,88.4,90.3,97.0,3,3,0,0,9,31,1,2,87.2,0.199,0,1,0
ClassB,ParkScene,13,26,32,7.5,49.0,4.1,7.3,93.8,4,0,0,4,3,570,5,8,6.0,0.254,0,5,0
ClassB,ParkScene,all,26,32,54.6,78.2,41.6,51.6,98.1,10,5,1,4,15,726,14,22,49.7,0.176,1,13,0
ClassB,ParkScene,0,26,64,63.2,71.1,56.2,77.6,99.5,3,2,1,0,2,127,6,10,76.1,0.154,1,5,0
ClassB,ParkScene,1,26,64,91.6,95.3,88.1,90.3,97.6,3,3,0,0,7,31,1,2,87.8,0.199,0,1,0
ClassB,ParkScene,13,26,64,4.6,34.1,2.4,6.2,92.7,4,0,0,4,3,577,9,10,4.2,0.281,0,9,0
ClassB,ParkScene,all,26,64,54.0,78.1,41.0,51.0,98.5,10,5,1,4,12,735,16,22,49.2,0.177,1,15,0
ClassB,ParkScene,0,30,16,62.8,70.4,56.2,78.3,99.3,3,2,1,0,3,123,7,11,76.5,0.156,1,6,0
ClassB,ParkScene,1,30,16,91.0,95.5,86.9,89.1,97.9,3,3,0,0,6,35,1,4,86.9,0.200,0,1,0
ClassB,ParkScene,13,30,16,7.1,69.7,3.7,4.2,86.7,4,0,0,4,4,589,2,3,3.3,0.261,0,2,0
ClassB,ParkScene,all,30,16,54.6,79.8,41.2,50.2,98.3,10,5,1,4,13,747,10,18,48.7,0.176,1,9,0
ClassB,ParkScene,0,30,32,63.4,71.5,56.4,77.4,99.5,3,2,1,0,2,128,7,11,75.8,0.158,1,6,0
ClassB,ParkScene,1,30,32,91.7,95.3,88.4,90.0,97.0,3,3,0,0,9,32,1,2,86.9,0.200,0,1,0
ClassB,ParkScene,13,30,32,9.7,65.3,5.2,7.5,100.0,4,0,1,3,0,569,1,2,7.3,0.242,0,1,0
ClassB,ParkScene,all,30,32,55.5,80.1,42.2,51.4,98.6,10,5,2,3,11,729,9,15,50.1,0.178,1,8,0
ClassB,ParkScene,0,30,64,64.1,72.6,56.7,76.7,99.5,3,2,1,0,2,132,7,11,75.1,0.157,1,6,0
ClassB,ParkScene,1,30,64,92.2,95.9,88.8,90.6,98.0,3,3,0,0,6,30,1,2,88.4,0.198,0,1,0
ClassB,ParkScene,13,30,64,6.4,51.2,3.4,5.4,86.8,4,0,0,4,5,582,3,6,4.1,0.268,0,3,0
ClassB,ParkScene,all,30,64,55.1,80.4,41.7,50.4,98.3,10,5,1,4,13,744,11,19,48.8,0.178,1,10,0
ClassB,ParkScene,0,34,16,63.0,71.6,55.7,76.1,99.3,3,2,1,0,3,135,7,11,74.4,0.156,1,6,0
ClassB,ParkScene,1,34,16,91.2,94.9,87.8,90.0,97.3,3,3,0,0,8,32,1,3,87.2,0.196,0,1,0
ClassB,ParkScene,13,34,16,3.2,90.9,1.6,1.3,100.0,4,0,0,4,0,607,1,1,1.1,0.184,0,1,0
ClassB,ParkScene,all,34,16,54.1,81.1,40.4,48.4,98.5,10,5,1,4,11,774,9,15,47.1,0.172,1,8,0
ClassB,ParkScene,0,34,32,64.1,72.6,56.7,76.5,99.3,3,2,1,0,3,133,7,11,74.7,0.156,1,6,0
ClassB,ParkScene,1,34,32,91.4,94.6,88.4,90.6,97.0,3,3,0,0,9,30,1,3,87.5,0.200,0,1,0
ClassB,ParkScene,13,34,32,6.2,58.8,3.3,5.0,100.0,4,0,0,4,0,584,2,4,4.7,0.278,0,2,0
ClassB,ParkScene,all,34,32,51.5,75.6,38.8,50.0,98.4,10,5,1,4,12,751,11,19,48.4,0.178,1,10,0
ClassB,ParkScene,0,34,64,63.1,71.5,55.8,76.5,99.3,3,2,1,0,3,133,7,12,74.7,0.158,1,6,0
ClassB,ParkScene,1,34,64,91.6,95.3,88.1,90.0,97.3,3,3,0,0,8,32,1,2,87.2,0.197,0,1,0
ClassB,ParkScene,13,34,64,5.0,59.3,2.6,3.7,95.8,4,0,0,4,1,592,2,3,3.3,0.263,0,2,0
ClassB,ParkScene,all,34,64,49.8,73.7,37.4,49.3,98.4,10,5,1,4,12,761,11,18,47.8,0.176,1,10,0
ClassB,ParkScene,0,38,16,63.8,75.6,54.6,70.7,99.3,3,2,1,0,3,166,5,9,69.3,0.154,1,4,0
ClassB,ParkScene,1,38,16,90.9,94.9,87.2,89.1,96.9,3,3,0,0,9,35,1,2,85.9,0.199,0,1,0
ClassB,ParkScene,13,38,16,5.7,100.0,2.9,2.4,100.0,4,0,0,4,0,600,0,0,2.4,0.261,0,0,0
ClassB,ParkScene,all,38,16,51.7,79.7,38.0,46.3,98.3,10,5,1,4,12,806,7,12,45.0,0.174,1,6,0
ClassB,ParkScene,0,38,32,63.3,74.3,54.6,71.9,99.3,3,2,1,0,3,159,6,10,70.3,0.156,1,5,0
ClassB,ParkScene,1,38,32,91.7,95.6,88.1,90.0,97.6,3,3,0,0,7,32,1,2,87.5,0.200,0,1,0
ClassB,ParkScene,13,38,32,4.1,59.1,2.1,3.1,100.0,4,0,0,4,0,596,1,1,2.9,0.237,0,1,0
ClassB,ParkScene,all,38,32,54.3,82.4,40.2,47.6,98.6,10,5,1,4,10,787,8,13,46.4,0.176,1,7,0
ClassB,ParkScene,0,38,64,61.7,70.6,54.2,75.4,99.5,3,2,1,0,2,139,7,11,73.9,0.164,1,6,0
ClassB,ParkScene,1,38,64,92.2,96.3,88.4,89.7,97.6,3,3,0,0,7,33,1,2,87.2,0.199,0,1,0
ClassB,ParkScene,13,38,64,4.4,56.0,2.3,3.1,86.4,4,0,0,4,3,596,2,3,2.3,0.222,0,2,0
ClassB,ParkScene,all,38,64,53.8,80.1,40.2,48.8,98.4,10,5,1,4,12,768,10,16,47.4,0.179,1,9,0
ClassC,BasketballDrill,0,18,16,35.0,39.4,31.4,78.1,98.1,6,3,3,0,38,553,36,57,75.2,0.206,1,35,0
ClassC,BasketballDrill,32,18,16,2.8,5.6,1.9,20.4,60.2,2,0,1,1,135,794,20,22,4.9,0.155,0,20,0
ClassC,BasketballDrill,56,18,16,0.4,75.0,0.2,0.0,0.0,3,0,0,3,1,1500,0,0,-0.1,nan,0,0,0
ClassC,BasketballDrill,all,18,16,22.1,34.6,16.2,43.3,92.6,11,3,4,4,174,2847,56,79,38.8,0.201,1,55,0
ClassC,BasketballDrill,0,18,32,34.8,39.4,31.1,77.4,98.3,6,3,3,0,34,570,40,60,74.5,0.206,1,39,0
ClassC,BasketballDrill,32,18,32,3.1,6.6,2.0,20.8,69.1,2,0,1,1,93,790,20,22,9.5,0.158,0,20,0
ClassC,BasketballDrill,56,18,32,0.4,100.0,0.2,0.0,nan,3,0,0,3,0,1500,0,0,0.0,nan,0,0,0
ClassC,BasketballDrill,all,18,32,22.1,35.2,16.1,43.1,94.5,11,3,4,4,127,2860,60,82,39.4,0.202,1,59,0
ClassC,BasketballDrill,0,18,64,34.7,39.2,31.1,77.8,98.2,6,3,3,0,36,562,37,58,74.9,0.206,1,36,0
ClassC,BasketballDrill,32,18,64,3.0,6.0,2.0,20.3,60.6,2,0,1,1,132,795,20,23,5.1,0.155,0,20,0
ClassC,BasketballDrill,56,18,64,0.4,50.0,0.2,0.0,0.0,3,0,0,3,3,1500,0,0,-0.2,nan,0,0,0
ClassC,BasketballDrill,all,18,64,22.0,34.5,16.1,43.1,92.7,11,3,4,4,171,2857,57,81,38.6,0.201,1,56,0
ClassC,BasketballDrill,0,22,16,30.4,34.9,26.9,75.7,98.2,6,3,3,0,36,613,43,67,72.6,0.209,2,41,0
ClassC,BasketballDrill,32,22,16,2.3,3.8,1.6,18.1,43.2,2,0,1,1,238,817,19,22,-7.6,0.152,0,19,0
ClassC,BasketballDrill,56,22,16,0.4,100.0,0.2,0.0,nan,3,0,0,3,0,1500,0,0,0.0,nan,0,0,0
ClassC,BasketballDrill,all,22,16,18.9,29.5,13.9,41.7,88.4,11,3,4,4,274,2930,62,89,35.0,0.204,2,60,0
ClassC,BasketballDrill,0,22,32,30.4,34.8,27.0,76.1,98.1,6,3,3,0,37,603,41,62,73.1,0.205,1,40,0
ClassC,BasketballDrill,32,22,32,3.0,6.2,2.0,18.6,58.1,2,0,1,1,134,812,18,20,3.4,0.155,0,18,0
ClassC,BasketballDrill,56,22,32,0.4,100.0,0.2,0.0,nan,3,0,0,3,0,1500,0,0,0.0,nan,0,0,0
ClassC,BasketballDrill,all,22,32,19.3,30.9,14.0,42.0,92.5,11,3,4,4,171,2915,59,82,37.4,0.201,1,58,0
ClassC,BasketballDrill,0,22,64,30.4,34.7,27.0,76.4,98.3,6,3,3,0,34,596,42,64,73.4,0.206,1,41,0
ClassC,BasketballDrill,32,22,64,2.5,5.2,1.6,17.6,57.7,2,0,1,1,129,822,20,23,2.7,0.148,0,20,0
ClassC,BasketballDrill,56,22,64,0.4,100.0,0.2,0.0,nan,3,0,0,3,0,1500,0,0,0.0,nan,0,0,0
ClassC,BasketballDrill,all,22,64,19.2,30.8,14.0,41.9,92.8,11,3,4,4,163,2919,62,87,37.4,0.201,1,61,0
ClassC,BasketballDrill,0,26,16,31.8,37.0,27.8,73.8,98.4,6,3,3,0,30,663,43,66,70.9,0.207,0,43,0
ClassC,BasketballDrill,32,26,16,2.9,7.5,1.8,15.7,65.1,2,0,1,1,84,841,21,21,5.2,0.144,0,21,0
ClassC,BasketballDrill,56,26,16,0.4,100.0,0.2,0.0,nan,3,0,0,3,0,1500,0,0,0.0,nan,0,0,0
ClassC,BasketballDrill,all,26,16,20.2,33.8,14.4,40.2,94.7,11,3,4,4,114,3004,63,86,36.7,0.202,0,63,0
ClassC,BasketballDrill,0,26,32,31.6,36.8,27.7,73.8,98.2,6,3,3,0,35,663,44,70,70.6,0.208,2,42,0
ClassC,BasketballDrill,32,26,32,2.5,5.7,1.6,16.1,57.3,2,0,1,1,120,837,18,20,2.3,0.155,0,18,0
ClassC,BasketballDrill,56,26,32,0.4,100.0,0.2,0.0,nan,3,0,0,3,0,1500,0,0,0.0,nan,0,0,0
ClassC,BasketballDrill,all,26,32,19.9,32.8,14.3,40.4,92.9,11,3,4,4,156,2995,61,90,36.1,0.204,2,59,0
ClassC,BasketballDrill,0,26,64,33.2,38.5,29.2,74.4,98.5,6,2,4,0,29,647,43,66,71.5,0.206,1,42,0
ClassC,BasketballDrill,32,26,64,2.5,5.4,1.6,15.5,52.4,2,0,1,1,141,843,18,20,-0.4,0.146,0,18,0
ClassC,BasketballDrill,56,26,64,0.4,100.0,0.2,0.0,nan,3,0,0,3,0,1500,0,0,0.0,nan,0,0,0
ClassC,BasketballDrill,all,26,64,20.9,34.1,15.0,40.6,92.3,11,2,5,4,171,2985,60,85,36.0,0.201,1,59,0
ClassC,BasketballDrill,0,30,16,29.6,34.5,25.8,73.8,98.7,6,3,3,0,25,661,46,67,71.0,0.206,2,44,0
ClassC,BasketballDrill,32,30,16,2.0,3.2,1.5,13.0,27.5,2,0,1,1,343,868,16,18,-22.9,0.153,0,16,0
ClassC,BasketballDrill,56,30,16,0.4,100.0,0.2,0.0,nan,3,0,0,3,0,1500,0,0,0.0,nan,0,0,0
ClassC,BasketballDrill,all,30,16,18.2,28.3,13.4,39.8,84.5,11,3,4,4,368,3025,61,84,31.3,0.203,2,59,0
ClassC,BasketballDrill,0,30,32,30.4,35.8,26.5,72.9,98.6,6,3,3,0,26,685,44,65,70.1,0.205,2,42,0
ClassC,BasketballDrill,32,30,32,2.5,4.4,1.7,14.1,36.3,2,0,1,1,247,857,18,18,-12.4,0.154,0,18,0
ClassC,BasketballDrill,56,30,32,0.4,100.0,0.2,0.0,nan,3,0,0,3,0,1500,0,0,0.0,nan,0,0,0
ClassC,BasketballDrill,all,30,32,18.9,30.5,13.7,39.5,87.9,11,3,4,4,273,3042,62,83,32.8,0.201,2,60,0
ClassC,BasketballDrill,0,30,64,29.7,34.7,25.9,73.3,98.4,6,2,4,0,31,675,49,67,70.1,0.206,2,47,0
ClassC,BasketballDrill,32,30,64,2.4,3.8,1.8,14.0,29.5,2,0,1,1,334,858,16,16,-21.0,0.158,0,16,0
ClassC,BasketballDrill,56,30,64,0.4,100.0,0.2,0.0,nan,3,0,0,3,0,1500,0,0,0.0,nan,0,0,0
ClassC,BasketballDrill,all,30,64,18.3,28.5,13.4,39.7,84.5,11,2,5,4,365,3031,65,84,31.1,0.202,2,63,0
ClassC,BasketballDrill,0,34,16,28.9,34.2,24.9,71.3,98.0,6,2,4,0,36,725,42,70,68.2,0.209,2,40,0
ClassC,BasketballDrill,32,34,16,1.7,3.8,1.1,8.8,30.3,2,0,0,2,202,910,16,18,-13.0,0.143,0,16,0
ClassC,BasketballDrill,56,34,16,0.4,100.0,0.2,0.0,nan,3,0,0,3,0,1500,0,0,0.0,nan,0,0,0
ClassC,BasketballDrill,all,34,16,18.0,30.2,12.8,37.6,88.8,11,2,4,5,238,3136,58,88,31.7,0.206,2,56,0
ClassC,BasketballDrill,0,34,32,25.7,30.8,22.0,70.2,98.6,6,3,3,0,25,752,42,62,67.6,0.209,1,41,0
ClassC,BasketballDrill,32,34,32,2.4,6.0,1.5,8.5,33.9,2,0,0,2,166,913,14,15,-9.5,0.154,0,14,0
ClassC,BasketballDrill,56,34,32,0.4,100.0,0.2,0.0,nan,3,0,0,3,0,1500,0,0,0.0,nan,0,0,0
ClassC,BasketballDrill,all,34,32,16.2,27.9,11.4,37.1,90.7,11,3,3,5,191,3163,56,77,32.1,0.206,1,55,0
ClassC,BasketballDrill,0,34,64,30.4,35.8,26.4,72.3,98.4,6,2,4,0,29,700,37,71,69.7,0.211,1,36,0
ClassC,BasketballDrill,32,34,64,2.2,6.4,1.3,9.4,46.5,2,0,0,2,108,904,13,14,-2.7,0.154,0,13,0
ClassC,BasketballDrill,56,34,64,0.4,100.0,0.2,0.0,nan,3,0,0,3,0,1500,0,0,0.0,nan,0,0,0
ClassC,BasketballDrill,all,34,64,19.2,33.0,13.5,38.1,93.3,11,2,4,5,137,3108,50,85,34.4,0.208,1,49,0
ClassC,BasketballDrill,0,38,16,27.2,33.5,22.8,66.5,98.0,6,2,4,0,34,846,42,69,63.5,0.213,2,40,0
ClassC,BasketballDrill,32,38,16,2.7,31.1,1.4,4.5,100.0,2,0,0,2,0,953,12,12,3.3,0.149,0,12,0
ClassC,BasketballDrill,56,38,16,0.4,100.0,0.2,0.0,nan,3,0,0,3,0,1500,0,0,0.0,nan,0,0,0
ClassC,BasketballDrill,all,38,16,17.5,33.7,11.8,34.2,97.8,11,2,4,5,38,3307,55,84,32.3,0.212,2,53,0
ClassC,BasketballDrill,0,38,32,30.5,36.8,25.9,68.8,97.9,6,2,4,0,37,789,37,64,65.8,0.217,1,36,0
ClassC,BasketballDrill,32,38,32,0.9,5.3,0.5,3.0,31.6,2,0,0,2,65,968,10,11,-4.5,0.153,0,10,0
ClassC,BasketballDrill,56,38,32,0.4,100.0,0.2,0.0,nan,3,0,0,3,0,1500,0,0,0.0,nan,0,0,0
ClassC,BasketballDrill,all,38,32,19.2,35.5,13.2,35.1,94.6,11,2,4,5,101,3262,47,77,32.1,0.216,1,46,0
ClassC,BasketballDrill,0,38,64,27.4,33.8,23.0,66.8,98.4,6,2,4,0,27,839,39,65,64.2,0.214,2,37,0
ClassC,BasketballDrill,32,38,64,1.5,10.7,0.8,4.3,57.3,2,0,0,2,32,955,10,11,0.1,0.146,0,10,0
ClassC,BasketballDrill,56,38,64,0.4,100.0,0.2,0.0,nan,3,0,0,3,0,1500,0,0,0.0,nan,0,0,0
ClassC,BasketballDrill,all,38,64,17.4,33.0,11.8,34.4,96.7,11,2,4,5,59,3294,49,76,32.3,0.213,2,47,0
ClassC,PartyScene,0,18,16,82.4,86.0,79.0,91.5,99.6,3,2,1,0,3,65,5,6,90.4,0.129,2,4,1
ClassC,PartyScene,41,18,16,36.5,53.4,27.7,51.9,100.0,1,0,1,0,0,233,4,5,51.0,0.192,0,4,0
ClassC,PartyScene,58,18,16,41.2,55.6,32.7,46.7,79.4,1,0,1,0,13,57,2,5,32.7,0.224,0,2,0
ClassC,PartyScene,74,18,16,94.0,97.3,90.8,93.3,100.0,1,1,0,0,0,19,1,1,92.9,0.151,0,1,0
ClassC,PartyScene,77,18,16,81.9,69.3,100.0,100.0,69.3,1,1,0,0,221,0,0,0,55.8,0.113,0,0,0
ClassC,PartyScene,all,18,16,73.5,75.3,71.8,83.0,87.0,7,4,3,0,264,363,12,16,70.1,0.140,3,9,0
ClassC,PartyScene,0,18,32,82.8,86.9,79.1,91.1,100.0,3,2,1,0,0,68,4,5,90.6,0.130,0,4,0
ClassC,PartyScene,41,18,32,36.1,51.7,27.7,53.5,100.0,1,0,1,0,0,225,4,4,52.7,0.189,0,4,0
ClassC,PartyScene,58,18,32,38.5,46.7,32.7,51.4,73.3,1,0,1,0,20,52,2,4,30.8,0.201,0,2,0
ClassC,PartyScene,74,18,32,94.5,98.5,90.8,92.2,100.0,1,1,0,0,0,22,1,1,91.9,0.150,0,1,0
ClassC,PartyScene,77,18,32,81.8,69.2,100.0,100.0,69.2,1,1,0,0,223,0,0,0,55.4,0.113,0,0,0
ClassC,PartyScene,all,18,32,73.3,74.9,71.8,83.1,86.6,7,4,3,0,274,362,11,14,69.7,0.139,1,10,0
ClassC,PartyScene,0,18,64,82.4,86.0,79.1,91.9,99.9,3,2,1,0,1,62,5,6,91.1,0.131,1,4,0
ClassC,PartyScene,41,18,64,36.2,52.3,27.7,52.7,99.6,1,0,1,0,1,229,4,4,51.7,0.191,0,4,0
ClassC,PartyScene,58,18,64,40.0,51.5,32.7,50.5,79.4,1,0,1,0,14,53,1,4,36.4,0.210,0,1,0
ClassC,PartyScene,74,18,64,93.5,96.3,90.8,94.3,100.0,1,1,0,0,0,16,1,1,94.0,0.151,0,1,0
ClassC,PartyScene,77,18,64,82.0,69.4,100.0,100.0,69.4,1,1,0,0,220,0,0,0,56.0,0.114,0,0,0
ClassC,PartyScene,all,18,64,73.4,75.2,71.7,83.4,87.5,7,4,3,0,255,355,12,16,70.9,0.140,2,10,0
ClassC,PartyScene,0,22,16,82.4,86.0,79.1,91.9,99.9,3,2,1,0,1,62,5,6,91.1,0.130,1,4,0
ClassC,PartyScene,41,22,16,36.5,53.6,27.7,51.7,100.0,1,0,1,0,0,234,4,5,50.8,0.194,0,4,0
ClassC,PartyScene,58,22,16,40.9,54.7,32.7,49.5,82.8,1,0,1,0,11,54,1,3,38.3,0.211,0,1,0
ClassC,PartyScene,74,22,16,93.5,95.9,91.2,95.1,100.0,1,1,0,0,0,14,1,1,94.7,0.152,0,1,0
ClassC,PartyScene,77,22,16,85.9,75.3,100.0,100.0,75.3,1,1,0,0,164,0,0,0,67.2,0.116,0,0,0
ClassC,PartyScene,all,22,16,74.6,77.7,71.8,83.2,90.0,7,4,3,0,197,359,12,16,73.4,0.141,2,10,0
ClassC,PartyScene,0,22,32,82.2,85.5,79.1,92.3,99.7,3,2,1,0,2,59,4,5,91.5,0.130,1,3,0
ClassC,PartyScene,41,22,32,37.1,54.4,28.1,51.7,100.0,1,0,1,0,0,234,4,5,50.8,0.192,0,4,0
ClassC,PartyScene,58,22,32,36.5,49.2,29.0,44.9,76.2,1,0,1,0,15,59,1,3,29.9,0.184,0,1,0
ClassC,PartyScene,74,22,32,93.3,95.6,91.2,95.4,100.0,1,1,0,0,0,13,1,1,95.1,0.152,0,1,0
ClassC,PartyScene,77,22,32,87.3,77.4,100.0,100.0,77.4,1,1,0,0,146,0,0,0,70.8,0.115,0,0,0
ClassC,PartyScene,all,22,32,75.0,78.7,71.7,83.1,91.3,7,4,3,0,170,360,11,15,74.7,0.140,2,9,0
ClassC,PartyScene,0,22,64,82.7,86.6,79.1,91.3,100.0,3,2,1,0,0,66,4,5,90.8,0.129,1,3,0
ClassC,PartyScene,41,22,64,38.0,57.8,28.3,49.0,100.0,1,0,1,0,0,247,4,6,48.1,0.193,0,4,0
ClassC,PartyScene,58,22,64,39.1,50.7,31.8,48.6,77.6,1,0,1,0,15,55,1,3,33.6,0.192,0,1,0
ClassC,PartyScene,74,22,64,93.1,95.5,90.8,95.1,100.0,1,1,0,0,0,14,1,1,94.7,0.151,0,1,0
ClassC,PartyScene,77,22,64,86.7,76.5,100.0,100.0,76.5,1,1,0,0,154,0,0,0,69.2,0.115,0,0,0
ClassC,PartyScene,all,22,64,75.0,78.4,71.9,82.4,89.9,7,4,3,0,197,376,13,19,72.6,0.140,3,10,0
ClassC,PartyScene,0,26,16,82.1,85.2,79.3,92.5,99.4,3,2,1,0,4,57,4,6,91.5,0.128,1,3,0
ClassC,PartyScene,41,26,16,35.9,55.1,26.7,48.3,100.0,1,0,1,0,0,250,4,5,47.5,0.195,0,4,0
ClassC,PartyScene,58,26,16,39.8,53.1,31.8,51.4,85.9,1,0,1,0,9,52,2,4,41.1,0.199,0,2,0
ClassC,PartyScene,74,26,16,92.9,95.2,90.8,95.4,100.0,1,1,0,0,0,13,1,1,95.1,0.150,0,1,0
ClassC,PartyScene,77,26,16,93.2,87.3,100.0,100.0,87.3,1,1,0,0,73,0,0,0,85.4,0.115,0,0,0
ClassC,PartyScene,all,26,16,76.2,81.6,71.5,82.8,94.4,7,4,3,0,104,368,12,17,77.3,0.139,2,10,0
ClassC,PartyScene,0,26,32,81.7,85.3,78.5,91.6,99.6,3,2,1,0,3,64,5,7,90.6,0.130,1,4,0
ClassC,PartyScene,41,26,32,36.1,58.0,26.2,45.2,100.0,1,0,1,0,0,265,5,8,44.2,0.193,0,5,0
ClassC,PartyScene,58,26,32,38.4,48.6,31.8,47.7,72.9,1,0,1,0,19,56,1,3,29.0,0.183,0,1,0
ClassC,PartyScene,74,26,32,94.7,98.5,91.2,92.6,100.0,1,1,0,0,0,21,1,1,92.2,0.151,0,1,0
ClassC,PartyScene,77,26,32,92.9,86.7,100.0,100.0,86.7,1,1,0,0,77,0,0,0,84.6,0.116,0,0,0
ClassC,PartyScene,all,26,32,76.3,82.3,71.2,81.6,94.2,7,4,3,0,107,394,13,21,75.9,0.140,3,10,0
ClassC,PartyScene,0,26,64,81.6,84.9,78.5,91.1,98.6,3,2,1,0,10,68,5,7,89.1,0.128,2,4,1
ClassC,PartyScene,41,26,64,38.3,62.0,27.7,44.6,100.0,1,0,1,0,0,268,5,6,43.6,0.197,0,5,0
ClassC,PartyScene,58,26,64,38.6,49.3,31.8,50.5,78.3,1,0,1,0,15,53,2,4,34.6,0.182,0,2,0
ClassC,PartyScene,74,26,64,92.8,94.5,91.2,96.5,100.0,1,1,0,0,0,10,1,1,96.1,0.153,0,1,0
ClassC,PartyScene,77,26,64,94.3,89.1,100.0,100.0,89.1,1,1,0,0,61,0,0,0,87.8,0.115,0,0,0
ClassC,PartyScene,all,26,64,76.6,82.8,71.3,81.4,94.4,7,4,3,0,103,398,15,19,75.8,0.138,4,12,1
ClassC,PartyScene,0,30,16,82.0,85.8,78.5,91.2,99.7,3,2,1,0,2,67,3,4,90.6,0.125,1,2,0
ClassC,PartyScene,41,30,16,35.6,64.7,24.6,36.2,95.1,1,0,1,0,9,309,5,8,33.3,0.205,0,5,0
ClassC,PartyScene,58,30,16,38.6,51.6,30.8,44.9,75.0,1,0,1,0,16,59,1,3,29.0,0.178,0,1,0
ClassC,PartyScene,74,30,16,94.0,97.3,90.8,93.3,100.0,1,1,0,0,0,19,1,2,92.9,0.147,0,1,0
ClassC,PartyScene,77,30,16,97.6,95.2,100.0,100.0,95.2,1,1,0,0,25,0,0,0,95.0,0.114,0,0,0
ClassC,PartyScene,all,30,16,77.7,86.2,70.7,79.3,96.6,7,4,3,0,60,443,10,18,76.0,0.135,2,8,0
ClassC,PartyScene,0,30,32,82.1,86.0,78.5,90.8,99.6,3,2,1,0,3,70,3,6,90.0,0.125,1,2,0
ClassC,PartyScene,41,30,32,34.1,65.1,23.1,35.5,100.0,1,0,1,0,0,312,7,8,34.1,0.203,0,7,0
ClassC,PartyScene,58,30,32,36.7,50.0,29.0,46.7,80.6,1,0,1,0,12,57,1,3,34.6,0.189,0,1,0
ClassC,PartyScene,74,30,32,93.1,95.2,91.2,95.8,100.0,1,1,0,0,0,12,1,1,95.4,0.149,0,1,0
ClassC,PartyScene,77,30,32,98.3,96.7,100.0,100.0,96.7,1,1,0,0,17,0,0,0,96.6,0.116,0,0,0
ClassC,PartyScene,all,30,32,77.9,87.2,70.4,79.1,98.0,7,4,3,0,35,446,13,20,76.9,0.137,3,10,0
ClassC,PartyScene,0,30,64,82.4,86.0,79.1,91.6,99.6,3,2,1,0,3,64,3,5,90.8,0.127,1,2,0
ClassC,PartyScene,41,30,64,39.0,72.5,26.7,36.8,100.0,1,0,1,0,0,306,5,6,35.7,0.200,0,5,0
ClassC,PartyScene,58,30,64,40.0,51.5,32.7,50.5,79.4,1,0,1,0,14,53,1,2,36.4,0.195,0,1,0
ClassC,PartyScene,74,30,64,94.5,98.5,90.8,92.2,100.0,1,1,0,0,0,22,1,1,91.9,0.145,0,1,0
ClassC,PartyScene,77,30,64,96.6,93.5,100.0,100.0,93.5,1,1,0,0,35,0,0,0,93.0,0.114,0,0,0
ClassC,PartyScene,all,30,64,78.6,87.2,71.6,79.5,96.9,7,4,3,0,54,437,12,18,76.5,0.137,3,9,0
ClassC,PartyScene,0,34,16,80.4,81.9,79.0,91.3,94.7,3,2,1,0,39,66,4,4,85.7,0.129,1,3,0
ClassC,PartyScene,41,34,16,23.2,44.2,15.7,31.2,87.8,1,0,1,0,21,333,6,6,25.6,0.203,0,6,0
ClassC,PartyScene,58,34,16,36.7,50.0,29.0,47.7,82.3,1,0,1,0,11,56,1,2,36.4,0.180,0,1,0
ClassC,PartyScene,74,34,16,94.7,98.8,90.8,91.9,100.0,1,1,0,0,0,23,2,2,91.2,0.151,0,2,0
ClassC,PartyScene,77,34,16,99.0,98.0,100.0,100.0,98.0,1,1,0,0,10,0,0,0,98.0,0.115,0,0,0
ClassC,PartyScene,all,34,16,75.5,83.6,68.9,78.1,94.8,7,4,3,0,92,468,14,17,73.1,0.137,3,11,0
ClassC,PartyScene,0,34,32,81.8,84.6,79.1,92.0,98.3,3,2,1,0,12,61,3,4,90.0,0.129,1,2,0
ClassC,PartyScene,41,34,32,30.3,58.2,20.5,32.6,92.9,1,0,1,0,12,326,4,7,29.3,0.197,0,4,0
ClassC,PartyScene,58,34,32,41.0,61.1,30.8,44.9,88.9,1,0,1,0,6,59,2,4,37.4,0.189,0,2,0
ClassC,PartyScene,74,34,32,94.1,97.7,90.8,92.9,100.0,1,1,0,0,0,20,1,1,92.6,0.151,0,1,0
ClassC,PartyScene,77,34,32,99.0,98.0,100.0,100.0,98.0,1,1,0,0,10,0,0,0,98.0,0.112,0,0,0
ClassC,PartyScene,all,34,32,77.2,86.1,69.9,78.7,96.8,7,4,3,0,55,456,11,17,75.6,0.137,3,8,0
ClassC,PartyScene,0,34,64,81.7,84.7,79.0,92.3,98.9,3,2,1,0,8,59,3,3,90.8,0.130,0,3,0
ClassC,PartyScene,41,34,64,24.6,44.8,16.9,32.6,86.3,1,0,1,0,25,326,6,8,26.2,0.191,0,6,0
ClassC,PartyScene,58,34,64,36.8,53.6,28.0,43.9,83.9,1,0,1,0,9,60,2,5,33.6,0.195,0,2,0
ClassC,PartyScene,74,34,64,93.6,97.3,90.1,92.6,100.0,1,1,0,0,0,21,1,2,92.2,0.150,0,1,0
ClassC,PartyScene,77,34,64,97.7,95.4,100.0,100.0,95.4,1,1,0,0,24,0,0,0,95.2,0.114,0,0,0
ClassC,PartyScene,all,34,64,75.5,83.6,68.9,78.5,95.2,7,4,3,0,84,459,12,18,74.0,0.137,2,10,0
ClassC,PartyScene,0,38,16,77.2,78.5,76.0,88.7,91.6,3,1,2,0,62,86,5,6,79.9,0.125,1,5,1
ClassC,PartyScene,41,38,16,5.1,14.2,3.1,8.7,39.6,1,0,0,1,64,442,3,3,-5.2,0.186,0,3,0
ClassC,PartyScene,58,38,16,39.0,63.8,28.0,41.1,93.6,1,0,1,0,3,63,2,2,36.4,0.189,0,2,0
ClassC,PartyScene,74,38,16,92.8,94.8,90.8,95.8,100.0,1,1,0,0,0,12,1,1,95.4,0.150,0,1,0
ClassC,PartyScene,77,38,16,99.4,98.8,100.0,100.0,98.8,1,1,0,0,6,0,0,0,98.8,0.111,0,0,0
ClassC,PartyScene,all,38,16,72.3,82.0,64.7,72.1,91.4,7,3,3,1,145,596,11,12,64.8,0.129,2,10,1
ClassC,PartyScene,0,38,32,78.0,79.6,76.4,88.7,92.5,3,1,2,0,55,86,4,7,81.0,0.124,0,4,0
ClassC,PartyScene,41,38,32,5.5,12.7,3.5,11.8,42.5,1,0,0,1,77,427,5,6,-5.2,0.155,0,5,0
ClassC,PartyScene,58,38,32,38.7,62.5,28.0,42.1,93.8,1,0,1,0,3,62,2,4,37.4,0.182,0,2,0
ClassC,PartyScene,74,38,32,93.2,97.3,89.4,91.9,100.0,1,1,0,0,0,23,1,2,91.5,0.143,0,1,0
ClassC,PartyScene,77,38,32,99.1,99.2,99.0,99.0,99.2,1,1,0,0,4,5,0,1,98.2,0.107,0,0,0
ClassC,PartyScene,all,38,32,72.2,82.0,64.5,71.9,91.4,7,3,3,1,144,601,12,20,64.6,0.125,0,12,0
ClassC,PartyScene,0,38,64,80.3,83.5,77.3,88.5,95.6,3,1,2,0,31,88,3,7,84.0,0.130,0,3,0
ClassC,PartyScene,41,38,64,6.8,19.6,4.1,11.6,54.9,1,0,0,1,46,428,6,7,0.8,0.191,0,6,0
ClassC,PartyScene,58,38,64,39.0,56.1,29.9,47.7,89.5,1,0,1,0,6,56,2,3,40.2,0.212,0,2,0
ClassC,PartyScene,74,38,64,92.2,97.3,87.6,90.1,100.0,1,1,0,0,0,28,1,2,89.8,0.142,0,1,0
ClassC,PartyScene,77,38,64,98.0,97.1,99.0,99.0,97.1,1,1,0,0,15,5,0,1,96.0,0.107,0,0,0
ClassC,PartyScene,all,38,64,73.3,84.2,64.9,72.0,93.4,7,3,3,1,109,599,12,19,66.3,0.129,2,10,0
ClassC,RaceHorsesC,0,18,16,78.2,89.5,69.3,76.8,99.3,7,3,3,1,4,176,6,10,75.5,0.142,0,6,0
ClassC,RaceHorsesC,17,18,16,56.2,69.0,47.0,62.7,93.1,6,1,5,0,40,323,14,26,56.5,0.152,2,11,0
ClassC,RaceHorsesC,all,18,16,66.8,79.2,57.4,69.3,96.2,13,4,8,1,44,499,21,36,65.3,0.146,2,18,0
ClassC,RaceHorsesC,0,18,32,76.4,88.3,67.2,75.1,98.8,7,3,3,1,7,189,6,13,73.4,0.143,0,6,0
ClassC,RaceHorsesC,17,18,32,54.4,67.7,45.0,61.4,93.5,6,1,5,0,37,334,14,26,55.5,0.148,1,13,0
ClassC,RaceHorsesC,all,18,32,64.8,77.7,55.4,68.0,96.2,13,4,8,1,44,520,21,40,64.0,0.146,2,19,0
ClassC,RaceHorsesC,0,18,64,76.9,88.4,68.0,75.7,98.5,7,3,3,1,9,185,6,13,73.7,0.143,0,6,0
ClassC,RaceHorsesC,17,18,64,54.5,66.7,45.7,63.7,94.0,6,1,5,0,35,314,13,22,58.2,0.148,1,12,0
ClassC,RaceHorsesC,all,18,64,65.3,77.4,56.2,69.3,96.2,13,4,8,1,44,499,20,35,65.4,0.145,2,18,0
ClassC,RaceHorsesC,0,22,16,77.7,88.5,69.1,77.0,98.8,7,3,3,1,7,175,6,11,75.3,0.142,0,6,0
ClassC,RaceHorsesC,17,22,16,54.5,67.1,45.5,62.8,93.8,6,1,5,0,36,322,13,26,57.2,0.148,1,12,0
ClassC,RaceHorsesC,all,22,16,65.6,77.7,56.5,69.6,96.3,13,4,8,1,43,494,20,37,65.7,0.146,2,18,0
ClassC,RaceHorsesC,0,22,32,76.6,88.2,67.6,75.7,98.8,7,3,3,1,7,185,5,12,74.1,0.142,0,5,0
ClassC,RaceHorsesC,17,22,32,54.0,67.4,44.7,61.8,94.4,6,1,5,0,32,331,12,25,56.7,0.149,1,11,0
ClassC,RaceHorsesC,all,22,32,64.8,77.4,55.4,68.6,96.5,13,4,8,1,41,511,18,38,64.9,0.146,1,17,0
ClassC,RaceHorsesC,0,22,64,78.1,88.9,69.6,76.8,98.3,7,3,3,1,10,176,6,11,74.7,0.140,0,6,0
ClassC,RaceHorsesC,17,22,64,54.0,68.2,44.3,59.9,93.3,6,1,5,0,37,347,14,23,54.0,0.148,1,13,0
ClassC,RaceHorsesC,all,22,64,65.7,78.6,56.2,68.0,95.9,13,4,8,1,47,520,22,35,63.8,0.144,3,20,1
ClassC,RaceHorsesC,0,26,16,68.7,80.0,60.1,74.3,99.1,7,3,3,1,5,195,6,11,72.9,0.143,0,6,0
ClassC,RaceHorsesC,17,26,16,54.2,69.7,44.0,58.5,93.9,6,1,5,0,33,359,14,26,53.1,0.144,2,13,1
ClassC,RaceHorsesC,all,26,16,61.3,75.1,51.5,65.7,96.6,13,4,8,1,38,557,20,37,62.2,0.143,3,18,1
ClassC,RaceHorsesC,0,26,32,75.9,87.6,66.8,75.1,98.6,7,3,2,2,8,189,5,14,73.4,0.143,0,5,0
ClassC,RaceHorsesC,17,26,32,54.7,68.9,45.0,61.4,95.2,6,1,5,0,27,334,11,25,57.0,0.150,1,10,0
ClassC,RaceHorsesC,all,26,32,65.1,78.7,55.2,67.6,97.0,13,4,7,2,34,527,19,38,64.3,0.145,2,16,0
ClassC,RaceHorsesC,0,26,64,77.8,88.4,69.3,77.2,98.7,7,3,2,2,8,173,5,7,75.5,0.144,0,5,0
ClassC,RaceHorsesC,17,26,64,47.2,59.8,38.7,60.4,94.6,6,1,5,0,30,343,15,29,55.2,0.148,2,13,0
ClassC,RaceHorsesC,all,26,64,62.3,75.0,53.0,68.1,96.9,13,4,7,2,35,519,20,35,64.7,0.145,2,18,0
ClassC,RaceHorsesC,0,30,16,77.4,89.5,68.2,75.3,99.0,7,3,2,2,6,188,5,10,73.8,0.137,0,5,0
ClassC,RaceHorsesC,17,30,16,54.1,71.4,43.2,57.7,96.7,6,0,6,0,17,366,13,25,54.3,0.135,1,12,0
ClassC,RaceHorsesC,all,30,16,65.4,80.8,54.7,65.9,97.9,13,3,8,2,23,555,19,36,63.3,0.136,1,18,0
ClassC,RaceHorsesC,0,30,32,76.6,89.2,67.1,74.7,99.5,7,3,2,2,3,192,5,11,73.7,0.142,0,5,0
ClassC,RaceHorsesC,17,30,32,55.0,72.3,44.0,57.7,96.2,6,1,5,0,20,366,13,26,53.9,0.136,2,12,1
ClassC,RaceHorsesC,all,30,32,65.6,81.1,54.8,65.7,97.9,13,4,7,2,23,558,19,38,63.1,0.139,3,17,1
ClassC,RaceHorsesC,0,30,64,76.4,89.1,66.8,74.2,99.1,7,3,2,2,5,196,5,12,72.9,0.144,0,5,0
ClassC,RaceHorsesC,17,30,64,55.9,71.7,45.4,59.5,95.2,6,1,5,0,26,351,12,24,55.1,0.135,1,11,0
ClassC,RaceHorsesC,all,30,64,65.1,79.6,54.8,66.3,97.0,13,4,7,2,33,548,19,38,63.1,0.141,2,17,0
ClassC,RaceHorsesC,0,34,16,69.5,81.8,60.4,73.0,99.1,7,3,2,2,5,205,5,10,71.7,0.141,0,5,0
ClassC,RaceHorsesC,17,34,16,47.7,67.4,36.6,52.1,97.4,6,0,6,0,12,415,10,29,49.5,0.129,2,9,1
ClassC,RaceHorsesC,all,34,16,57.8,74.2,47.1,62.1,98.4,13,3,8,2,16,617,16,40,60.1,0.137,3,14,1
ClassC,RaceHorsesC,0,34,32,77.7,89.7,68.4,75.4,99.0,7,3,2,2,6,187,5,9,73.9,0.144,0,5,0
ClassC,RaceHorsesC,17,34,32,63.1,85.6,49.5,56.1,98.4,6,0,5,1,8,380,9,24,54.2,0.128,0,9,0
ClassC,RaceHorsesC,all,34,32,70.0,87.2,58.2,65.3,98.4,13,3,8,2,17,565,16,32,63.2,0.139,2,14,0
ClassC,RaceHorsesC,0,34,64,77.2,89.6,67.8,74.9,99.1,7,3,2,2,5,191,5,9,73.6,0.146,0,5,0
ClassC,RaceHorsesC,17,34,64,50.4,68.8,39.5,55.7,98.4,6,0,5,1,8,384,11,23,53.5,0.129,1,10,0
ClassC,RaceHorsesC,all,34,64,63.3,79.3,52.4,64.8,98.8,13,3,8,2,13,573,19,34,62.8,0.138,2,17,0
ClassC,RaceHorsesC,0,38,16,68.1,82.8,57.8,69.1,99.2,7,3,2,2,4,235,6,9,67.8,0.140,0,6,0
ClassC,RaceHorsesC,17,38,16,46.2,69.3,34.4,48.7,99.8,6,0,5,1,1,444,11,24,47.3,0.133,1,10,0
ClassC,RaceHorsesC,all,38,16,56.8,76.0,45.1,58.4,99.2,13,3,7,3,8,677,21,36,56.6,0.137,3,18,0
ClassC,RaceHorsesC,0,38,32,65.4,79.0,55.8,69.9,99.1,7,3,2,2,5,229,5,10,68.6,0.140,0,5,0
ClassC,RaceHorsesC,17,38,32,48.2,69.8,36.5,50.5,98.0,6,0,5,1,9,429,11,27,48.2,0.130,3,9,1
ClassC,RaceHorsesC,all,38,32,56.7,74.5,45.5,59.5,98.3,13,3,7,3,17,658,16,37,57.5,0.136,3,14,1
ClassC,RaceHorsesC,0,38,64,77.6,92.4,66.8,71.4,98.9,7,3,2,2,6,217,4,11,70.1,0.152,0,4,0
ClassC,RaceHorsesC,17,38,64,45.9,68.7,34.2,48.2,98.3,6,0,5,1,7,449,10,28,46.2,0.129,1,10,1
ClassC,RaceHorsesC,all,38,64,61.8,81.9,49.4,59.0,98.5,13,3,7,3,15,667,16,41,57.1,0.144,3,14,1
ClassD,BasketballPass,0,18,16,35.3,39.4,31.9,78.1,97.1,8,2,5,1,52,479,52,68,73.4,0.182,11,40,0
ClassD,BasketballPass,32,18,16,14.5,23.5,10.5,44.2,98.9,4,0,1,3,2,223,11,16,41.0,0.212,0,11,0
ClassD,BasketballPass,56,18,16,22.9,65.2,13.9,14.8,69.6,6,0,2,4,7,92,1,2,7.4,0.307,0,1,0
ClassD,BasketballPass,all,18,16,32.4,38.3,28.0,70.5,96.9,18,2,8,8,61,797,65,87,65.8,0.186,11,53,0
ClassD,BasketballPass,0,18,32,36.3,40.3,32.8,78.6,97.1,8,3,4,1,51,468,50,67,74.0,0.181,11,38,0
ClassD,BasketballPass,32,18,32,11.6,18.4,8.5,45.8,98.9,4,0,1,3,2,217,13,16,42.0,0.211,0,13,0
ClassD,BasketballPass,56,18,32,27.9,85.7,16.7,16.7,85.7,6,0,3,3,3,90,0,1,13.9,0.275,0,0,0
ClassD,BasketballPass,all,18,32,33.0,38.8,28.6,71.2,97.2,18,3,8,7,56,778,64,85,66.7,0.185,11,52,0
ClassD,BasketballPass,0,18,64,33.9,37.4,30.9,79.6,96.9,8,4,3,1,56,447,52,73,74.7,0.184,15,37,0
ClassD,BasketballPass,32,18,64,11.8,18.1,8.8,47.5,98.4,4,0,1,3,3,210,11,13,44.0,0.216,0,11,0
ClassD,BasketballPass,56,18,64,21.5,63.6,13.0,13.9,68.2,6,0,1,5,7,93,2,3,5.6,0.276,0,1,0
ClassD,BasketballPass,all,18,64,30.9,36.0,27.0,72.2,96.7,18,4,5,9,66,749,66,90,67.4,0.188,15,50,0
ClassD,BasketballPass,0,22,16,36.8,41.2,33.1,78.1,97.7,8,3,4,1,41,480,51,69,73.9,0.180,9,41,0
ClassD,BasketballPass,32,22,16,14.5,24.6,10.2,41.0,98.2,4,0,1,3,3,236,12,15,37.3,0.207,0,12,0
ClassD,BasketballPass,56,22,16,23.9,61.5,14.8,14.8,61.5,6,0,2,4,10,92,0,2,5.6,0.208,0,0,0
ClassD,BasketballPass,all,22,16,33.7,40.0,29.0,70.1,97.2,18,3,7,8,54,808,63,86,65.7,0.183,9,53,0
ClassD,BasketballPass,0,22,32,36.5,40.5,33.1,78.9,97.1,8,3,4,1,51,462,49,67,74.3,0.181,10,39,0
ClassD,BasketballPass,32,22,32,15.0,26.2,10.5,39.2,98.1,4,0,1,3,3,243,13,17,35.2,0.204,0,13,0
ClassD,BasketballPass,56,22,32,41.7,93.5,26.9,26.9,93.5,6,0,3,3,2,79,0,1,25.0,0.214,0,0,0
ClassD,BasketballPass,all,22,32,34.1,40.3,29.5,70.8,97.2,18,3,8,7,56,789,63,86,66.4,0.183,10,53,0
ClassD,BasketballPass,0,22,64,36.6,40.7,33.1,78.3,96.7,8,2,5,1,59,476,50,72,73.3,0.178,12,38,0
ClassD,BasketballPass,32,22,64,14.6,25.5,10.2,39.8,98.8,4,0,1,3,2,241,10,17,36.8,0.213,0,10,0
ClassD,BasketballPass,56,22,64,12.8,47.1,7.4,8.3,52.9,6,0,1,5,8,99,1,1,0.0,0.398,0,1,0
ClassD,BasketballPass,all,22,64,33.3,39.4,28.7,69.8,96.5,18,2,7,9,69,815,61,90,65.0,0.182,12,49,0
ClassD,BasketballPass,0,26,16,36.3,40.8,32.5,77.6,97.8,8,1,6,1,39,491,49,64,73.6,0.179,8,41,0
ClassD,BasketballPass,32,26,16,17.6,40.2,11.2,27.5,98.2,4,0,1,3,2,290,7,10,25.2,0.193,0,7,0
ClassD,BasketballPass,56,26,16,33.3,91.7,20.4,20.4,91.7,6,0,2,4,2,86,0,1,18.5,0.156,0,0,0
ClassD,BasketballPass,all,26,16,34.1,41.4,28.9,67.9,97.7,18,1,9,8,43,866,56,75,64.2,0.180,8,48,0
ClassD,BasketballPass,0,26,32,37.3,42.0,33.4,76.7,97.1,8,2,5,1,51,510,47,63,72.3,0.178,7,40,0
ClassD,BasketballPass,32,26,32,18.1,39.8,11.8,29.0,98.3,4,0,1,3,2,284,8,11,26.5,0.195,0,8,0
ClassD,BasketballPass,56,26,32,16.5,76.9,9.3,10.2,84.6,6,0,1,5,2,97,2,2,6.5,0.272,0,1,0
ClassD,BasketballPass,all,26,32,34.6,42.1,29.2,66.9,97.0,18,2,7,9,55,893,57,76,62.8,0.179,7,49,0
ClassD,BasketballPass,0,26,64,36.9,41.3,33.2,78.0,97.6,8,2,5,1,42,483,48,62,73.8,0.178,6,42,0
ClassD,BasketballPass,32,26,64,17.5,39.5,11.2,28.0,98.2,4,0,1,3,2,288,10,13,25.0,0.196,0,10,0
ClassD,BasketballPass,56,26,64,28.1,90.0,16.7,16.7,90.0,6,0,2,4,2,90,0,1,14.8,0.196,0,0,0
ClassD,BasketballPass,all,26,64,34.5,41.8,29.3,68.0,97.6,18,2,8,8,46,863,59,77,64.1,0.179,6,53,0
ClassD,BasketballPass,0,30,16,37.0,42.2,32.8,75.3,97.4,8,1,6,1,44,541,46,65,71.2,0.175,8,38,0
ClassD,BasketballPass,32,30,16,16.7,44.6,10.2,23.0,100.0,4,0,1,3,0,308,6,6,21.5,0.199,0,6,0
ClassD,BasketballPass,56,30,16,10.3,75.0,5.6,5.6,75.0,6,0,1,5,2,102,0,1,3.7,0.207,0,0,0
ClassD,BasketballPass,all,30,16,34.0,42.4,28.3,64.9,97.4,18,1,8,9,46,948,52,72,61.2,0.176,8,44,0
ClassD,BasketballPass,0,30,32,36.9,42.2,32.7,74.9,97.2,8,1,6,1,47,549,47,70,70.7,0.178,13,34,0
ClassD,BasketballPass,32,30,32,17.7,45.4,11.0,23.8,97.9,4,0,1,3,2,305,6,8,21.8,0.191,0,6,0
ClassD,BasketballPass,56,30,32,21.1,86.7,12.0,12.0,86.7,6,0,1,5,2,95,0,1,10.2,0.224,0,0,0
ClassD,BasketballPass,all,30,32,34.3,42.6,28.6,64.9,97.2,18,1,8,9,51,946,53,79,61.1,0.179,13,40,0
ClassD,BasketballPass,0,30,64,36.0,40.6,32.3,77.0,97.3,8,2,5,1,46,503,46,62,72.8,0.177,9,37,0
ClassD,BasketballPass,32,30,64,14.4,40.2,8.8,21.8,100.0,4,0,1,3,0,313,6,8,20.2,0.193,0,6,0
ClassD,BasketballPass,56,30,64,5.4,100.0,2.8,2.8,100.0,6,0,0,6,0,105,0,0,2.8,0.328,0,0,0
ClassD,BasketballPass,all,30,64,33.0,40.7,27.6,65.8,97.5,18,2,6,10,46,922,53,71,62.2,0.178,9,44,0
ClassD,BasketballPass,0,34,16,36.8,43.0,32.0,72.6,97.9,8,1,6,1,34,601,42,55,69.1,0.178,5,38,1
ClassD,BasketballPass,32,34,16,15.7,52.9,9.2,17.5,100.0,4,0,0,4,0,330,3,4,16.8,0.211,0,3,0
ClassD,BasketballPass,56,34,16,0.0,nan,0.0,0.0,nan,6,0,0,6,0,108,0,0,0.0,nan,0,0,0
ClassD,BasketballPass,all,34,16,33.6,43.4,27.4,61.5,98.0,18,1,6,11,34,1039,45,59,58.6,0.179,5,41,1
ClassD,BasketballPass,0,34,32,38.0,44.6,33.0,71.9,97.6,8,1,6,1,38,616,45,64,68.1,0.178,3,42,0
ClassD,BasketballPass,32,34,32,18.7,62.0,11.0,17.2,97.2,4,0,0,4,2,331,3,4,16.0,0.210,0,3,0
ClassD,BasketballPass,56,34,32,0.0,0.0,0.0,0.0,0.0,6,0,0,6,1,108,0,0,-0.9,nan,0,0,0
ClassD,BasketballPass,all,34,32,35.0,45.3,28.4,60.9,97.6,18,1,6,11,41,1055,48,68,57.6,0.179,3,45,0
ClassD,BasketballPass,0,34,64,35.8,41.8,31.2,72.5,97.7,8,1,6,1,37,602,46,61,68.7,0.180,6,41,1
ClassD,BasketballPass,32,34,64,18.3,70.0,10.5,15.0,100.0,4,0,0,4,0,340,3,4,14.2,0.207,0,3,0
ClassD,BasketballPass,56,34,64,0.0,nan,0.0,0.0,nan,6,0,0,6,0,108,0,0,0.0,nan,0,0,0
ClassD,BasketballPass,all,34,64,33.1,42.8,26.9,61.1,97.8,18,1,6,11,37,1050,49,65,57.9,0.181,6,44,1
ClassD,BasketballPass,0,38,16,32.9,40.5,27.6,66.1,97.8,8,1,6,1,33,743,46,57,62.5,0.192,5,41,0
ClassD,BasketballPass,32,38,16,15.5,87.2,8.5,9.8,100.0,4,0,0,4,0,361,1,2,9.5,0.179,0,1,0
ClassD,BasketballPass,56,38,16,0.0,nan,0.0,0.0,nan,6,0,0,6,0,108,0,0,0.0,nan,0,0,0
ClassD,BasketballPass,all,38,16,30.2,41.7,23.6,55.1,97.8,18,1,6,11,33,1211,47,59,52.2,0.192,5,42,0
ClassD,BasketballPass,0,38,32,35.6,44.3,29.6,65.0,97.9,8,1,6,1,30,766,43,57,61.7,0.191,3,40,0
ClassD,BasketballPass,32,38,32,12.9,82.4,7.0,8.5,100.0,4,0,0,4,0,366,1,1,8.3,0.207,0,1,0
ClassD,BasketballPass,56,38,32,0.0,nan,0.0,0.0,nan,6,0,0,6,0,108,0,0,0.0,nan,0,0,0
ClassD,BasketballPass,all,38,32,32.3,45.2,25.1,54.1,98.0,18,1,6,11,30,1240,44,58,51.3,0.192,3,41,0
ClassD,BasketballPass,0,38,64,35.0,42.9,29.4,66.6,97.7,8,1,6,1,35,732,41,61,63.1,0.190,3,37,0
ClassD,BasketballPass,32,38,64,13.8,83.3,7.5,9.0,100.0,4,0,0,4,0,364,1,3,8.8,0.183,0,1,0
ClassD,BasketballPass,56,38,64,0.0,nan,0.0,0.0,nan,6,0,0,6,0,108,0,0,0.0,nan,0,0,0
ClassD,BasketballPass,all,38,64,31.9,43.9,25.0,55.4,97.7,18,1,6,11,35,1204,42,64,52.5,0.190,3,38,0
ClassD,BlowingBubbles,0,18,16,81.5,78.5,84.7,95.7,88.8,3,2,0,1,125,44,1,2,83.5,0.101,0,1,0
ClassD,BlowingBubbles,41,18,16,10.0,37.1,5.8,15.6,100.0,1,0,0,1,0,190,5,5,13.3,0.210,0,5,0
ClassD,BlowingBubbles,77,18,16,95.9,93.2,98.7,98.7,93.2,1,1,0,0,27,5,0,1,91.5,0.136,0,0,0
ClassD,BlowingBubbles,all,18,16,79.2,81.3,77.1,85.4,90.2,5,3,0,2,152,239,6,8,75.7,0.113,0,6,0
ClassD,BlowingBubbles,0,18,32,92.8,89.2,96.5,96.4,89.2,3,2,0,1,120,37,0,1,84.8,0.101,0,0,0
ClassD,BlowingBubbles,41,18,32,9.4,38.7,5.3,13.8,100.0,1,0,0,1,0,194,5,6,11.6,0.227,0,5,0
ClassD,BlowingBubbles,77,18,32,96.4,94.2,98.7,98.7,94.2,1,1,0,0,23,5,0,1,92.6,0.137,0,0,0
ClassD,BlowingBubbles,all,18,32,86.9,89.5,84.5,85.6,90.7,5,3,0,2,143,236,5,8,76.5,0.113,0,5,0
ClassD,BlowingBubbles,0,18,64,81.4,78.6,84.2,95.2,88.9,3,2,0,1,122,50,1,3,83.2,0.101,0,1,0
ClassD,BlowingBubbles,41,18,64,9.7,52.2,5.3,10.2,100.0,1,0,0,1,0,202,4,4,8.4,0.221,0,4,0
ClassD,BlowingBubbles,77,18,64,91.8,89.2,94.4,96.8,91.5,1,1,0,0,34,12,1,2,87.6,0.135,0,1,0
ClassD,BlowingBubbles,all,18,64,78.3,81.0,75.7,83.9,89.8,5,3,0,2,156,264,6,9,73.9,0.112,0,6,0
ClassD,BlowingBubbles,0,22,16,92.9,90.4,95.5,95.4,90.4,3,2,0,1,105,47,0,3,85.3,0.100,0,0,0
ClassD,BlowingBubbles,41,22,16,10.2,43.3,5.8,13.3,100.0,1,0,0,1,0,195,3,3,12.0,0.220,0,3,0
ClassD,BlowingBubbles,77,22,16,96.1,93.7,98.7,98.7,93.7,1,1,0,0,25,5,0,1,92.1,0.134,0,0,0
ClassD,BlowingBubbles,all,22,16,87.0,90.3,83.9,84.9,91.4,5,3,0,2,130,247,3,7,76.8,0.112,0,3,0
ClassD,BlowingBubbles,0,22,32,92.8,90.1,95.5,95.4,90.1,3,2,0,1,108,47,0,3,85.0,0.100,0,0,0
ClassD,BlowingBubbles,41,22,32,9.5,44.4,5.3,12.0,100.0,1,0,0,1,0,198,3,3,10.7,0.234,0,3,0
ClassD,BlowingBubbles,77,22,32,93.1,91.8,94.4,96.8,94.1,1,1,0,0,23,12,1,2,90.5,0.135,0,1,0
ClassD,BlowingBubbles,all,22,32,86.2,89.7,82.9,84.3,91.3,5,3,0,2,131,257,4,8,76.0,0.112,0,4,0
ClassD,BlowingBubbles,0,22,64,93.0,90.5,95.5,95.4,90.4,3,2,0,1,104,47,0,3,85.4,0.100,0,0,0
ClassD,BlowingBubbles,41,22,64,16.8,84.0,9.3,11.1,100.0,1,0,0,1,0,200,1,2,10.7,0.216,0,1,0
ClassD,BlowingBubbles,77,22,64,94.6,92.0,97.4,97.4,92.0,1,1,0,0,32,10,0,2,88.9,0.136,0,0,0
ClassD,BlowingBubbles,all,22,64,87.3,90.8,84.1,84.3,91.0,5,3,0,2,136,257,1,7,75.9,0.112,0,1,0
ClassD,BlowingBubbles,0,26,16,93.8,92.0,95.5,95.4,92.0,3,2,0,1,86,47,0,3,87.1,0.099,0,0,0
ClassD,BlowingBubbles,41,26,16,8.3,62.5,4.4,7.1,100.0,1,0,0,1,0,209,1,1,6.7,0.230,0,1,0
ClassD,BlowingBubbles,77,26,16,93.1,93.6,92.6,94.7,95.7,1,1,0,0,16,20,1,3,90.2,0.135,0,1,0
ClassD,BlowingBubbles,all,26,16,87.0,92.1,82.3,83.1,93.0,5,3,0,2,102,276,2,7,76.8,0.110,0,2,0
ClassD,BlowingBubbles,0,26,32,82.0,80.3,83.6,95.3,91.5,3,2,0,1,91,49,1,3,86.3,0.099,0,1,0
ClassD,BlowingBubbles,41,26,32,9.8,63.2,5.3,8.4,100.0,1,0,0,1,0,206,2,2,7.6,0.198,0,2,0
ClassD,BlowingBubbles,77,26,32,93.5,92.5,94.4,96.8,94.8,1,1,0,0,20,12,1,2,91.3,0.134,0,1,0
ClassD,BlowingBubbles,all,26,32,79.1,83.2,75.4,83.7,92.5,5,3,0,2,111,267,4,7,76.6,0.110,0,4,0
ClassD,BlowingBubbles,0,26,64,82.8,81.1,84.6,96.2,92.3,3,2,0,1,83,39,1,1,88.1,0.100,0,1,0
ClassD,BlowingBubbles,41,26,64,17.1,100.0,9.3,9.3,100.0,1,0,0,1,0,204,0,1,9.3,0.229,0,0,0
ClassD,BlowingBubbles,77,26,64,93.5,94.1,92.9,94.7,96.0,1,1,0,0,15,20,1,2,90.5,0.136,0,1,0
ClassD,BlowingBubbles,all,26,64,80.2,84.6,76.1,83.9,93.3,5,3,0,2,98,263,2,4,77.8,0.111,0,2,0
ClassD,BlowingBubbles,0,30,16,95.7,95.3,96.0,95.9,95.3,3,2,0,1,49,42,0,2,91.2,0.099,0,0,0
ClassD,BlowingBubbles,41,30,16,3.5,66.7,1.8,2.7,100.0,1,0,0,1,0,219,1,1,2.2,0.195,0,1,0
ClassD,BlowingBubbles,77,30,16,82.2,87.2,77.8,87.8,98.5,1,1,0,0,5,46,3,4,85.7,0.128,0,3,0
ClassD,BlowingBubbles,all,30,16,85.4,93.2,78.8,81.2,96.1,5,3,0,2,54,307,4,7,77.7,0.107,0,4,0
ClassD,BlowingBubbles,0,30,32,93.4,92.8,94.0,95.7,94.6,3,2,0,1,56,44,1,2,90.2,0.099,0,1,0
ClassD,BlowingBubbles,41,30,32,6.9,100.0,3.6,3.6,100.0,1,0,0,1,0,217,0,0,3.6,0.233,0,0,0
ClassD,BlowingBubbles,77,30,32,81.0,83.7,78.6,90.2,96.1,1,1,0,0,14,37,3,3,85.7,0.131,0,3,0
ClassD,BlowingBubbles,all,30,32,83.8,90.6,78.0,81.8,95.0,5,3,0,2,70,298,4,5,77.2,0.108,0,4,0
ClassD,BlowingBubbles,0,30,64,93.3,92.6,93.8,95.4,94.3,3,2,0,1,59,47,1,2,89.6,0.099,0,1,0
ClassD,BlowingBubbles,41,30,64,2.6,50.0,1.3,1.3,50.0,1,0,0,1,3,222,0,0,0.0,0.222,0,0,0
ClassD,BlowingBubbles,77,30,64,83.3,89.4,78.0,87.3,100.0,1,1,0,0,0,48,3,4,86.5,0.132,0,3,0
ClassD,BlowingBubbles,all,30,64,84.0,91.7,77.4,80.6,95.5,5,3,0,2,62,317,4,6,76.6,0.108,0,4,0
ClassD,BlowingBubbles,0,34,16,93.1,94.1,92.0,94.5,96.8,3,2,0,1,32,57,1,4,91.3,0.101,0,1,0
ClassD,BlowingBubbles,41,34,16,0.0,0.0,0.0,0.0,0.0,1,0,0,1,17,225,0,0,-7.6,nan,0,0,0
ClassD,BlowingBubbles,77,34,16,52.4,72.4,41.0,56.6,100.0,1,0,1,0,0,164,2,2,56.1,0.155,0,2,0
ClassD,BlowingBubbles,all,34,16,76.9,89.1,67.5,72.7,96.0,5,2,1,2,49,446,3,6,69.5,0.111,0,3,0
ClassD,BlowingBubbles,0,34,32,95.5,96.5,94.4,94.3,96.5,3,2,0,1,35,59,0,3,90.9,0.101,0,0,0
ClassD,BlowingBubbles,41,34,32,3.5,100.0,1.8,1.8,100.0,1,0,0,1,0,221,0,0,1.8,0.252,0,0,0
ClassD,BlowingBubbles,77,34,32,64.6,84.3,52.4,62.2,100.0,1,0,1,0,0,143,3,4,61.4,0.145,0,3,0
ClassD,BlowingBubbles,all,34,32,81.6,94.2,71.9,74.1,97.2,5,2,1,2,35,423,3,7,71.8,0.110,0,3,0
ClassD,BlowingBubbles,0,34,64,92.5,94.3,90.6,94.6,98.6,3,2,0,1,14,56,1,3,93.1,0.101,0,1,0
ClassD,BlowingBubbles,41,34,64,0.0,0.0,0.0,0.0,0.0,1,0,0,1,1,225,0,0,-0.4,nan,0,0,0
ClassD,BlowingBubbles,77,34,64,72.2,88.8,60.8,68.5,100.0,1,0,1,0,0,119,2,5,68.0,0.130,0,2,0
ClassD,BlowingBubbles,all,34,64,80.8,93.1,71.3,75.5,98.8,5,2,1,2,15,400,3,8,74.4,0.107,0,3,0
ClassD,BlowingBubbles,0,38,16,90.7,91.3,90.0,95.1,96.5,3,2,0,1,36,51,2,2,91.4,0.103,0,2,0
ClassD,BlowingBubbles,41,38,16,0.0,0.0,0.0,0.0,0.0,1,0,0,1,26,225,0,0,-11.6,nan,0,0,0
ClassD,BlowingBubbles,77,38,16,9.6,50.0,5.3,10.6,100.0,1,0,0,1,0,338,5,5,9.3,0.225,0,5,0
ClassD,BlowingBubbles,all,38,16,69.8,87.4,58.0,62.6,94.4,5,2,0,3,61,611,9,9,58.3,0.108,0,9,0
ClassD,BlowingBubbles,0,38,32,89.3,90.6,88.0,93.3,96.2,3,2,0,1,38,69,2,4,89.4,0.102,0,2,0
ClassD,BlowingBubbles,41,38,32,1.6,10.0,0.9,0.9,10.0,1,0,0,1,18,223,0,0,-7.1,0.273,0,0,0
ClassD,BlowingBubbles,77,38,32,7.0,70.0,3.7,5.3,100.0,1,0,0,1,0,358,1,1,5.0,0.149,0,1,0
ClassD,BlowingBubbles,all,38,32,69.1,88.7,56.5,60.2,94.6,5,2,0,3,56,650,3,5,56.6,0.103,0,3,0
ClassD,BlowingBubbles,0,38,64,89.0,89.2,88.8,93.7,94.2,3,2,0,1,59,65,2,3,87.8,0.106,0,2,0
ClassD,BlowingBubbles,41,38,64,0.0,0.0,0.0,0.0,0.0,1,0,0,1,33,225,0,0,-14.7,nan,0,0,0
ClassD,BlowingBubbles,77,38,64,6.2,100.0,3.2,3.2,100.0,1,0,0,1,0,366,0,0,3.2,0.271,0,0,0
ClassD,BlowingBubbles,all,38,64,68.6,86.6,56.8,59.9,91.4,5,2,0,3,92,656,2,3,54.1,0.108,0,2,0
ClassD,RaceHorsesD,0,18,16,0.3,100.0,0.1,0.0,nan,7,0,0,7,0,760,0,0,0.0,nan,0,0,0
ClassD,RaceHorsesD,17,18,16,1.6,100.0,0.8,0.0,nan,6,0,0,6,0,866,0,0,0.0,nan,0,0,0
ClassD,RaceHorsesD,all,18,16,1.0,100.0,0.5,0.0,nan,13,0,0,13,0,1626,0,0,0.0,nan,0,0,0
ClassD,RaceHorsesD,0,18,32,0.3,100.0,0.1,0.0,nan,7,0,0,7,0,760,0,0,0.0,nan,0,0,0
ClassD,RaceHorsesD,17,18,32,1.6,100.0,0.8,0.0,nan,6,0,0,6,0,866,0,0,0.0,nan,0,0,0
ClassD,RaceHorsesD,all,18,32,1.0,100.0,0.5,0.0,nan,13,0,0,13,0,1626,0,0,0.0,nan,0,0,0
ClassD,RaceHorsesD,0,18,64,0.3,100.0,0.1,0.0,nan,7,0,0,7,0,760,0,0,0.0,nan,0,0,0
ClassD,RaceHorsesD,17,18,64,1.6,100.0,0.8,0.0,nan,6,0,0,6,0,866,0,0,0.0,nan,0,0,0
ClassD,RaceHorsesD,all,18,64,1.0,100.0,0.5,0.0,nan,13,0,0,13,0,1626,0,0,0.0,nan,0,0,0
ClassD,RaceHorsesD,0,22,16,0.3,100.0,0.1,0.0,nan,7,0,0,7,0,760,0,0,0.0,nan,0,0,0
ClassD,RaceHorsesD,17,22,16,1.6,100.0,0.8,0.0,nan,6,0,0,6,0,866,0,0,0.0,nan,0,0,0
ClassD,RaceHorsesD,all,22,16,1.0,100.0,0.5,0.0,nan,13,0,0,13,0,1626,0,0,0.0,nan,0,0,0
ClassD,RaceHorsesD,0,22,32,0.3,100.0,0.1,0.0,nan,7,0,0,7,0,760,0,0,0.0,nan,0,0,0
ClassD,RaceHorsesD,17,22,32,1.6,100.0,0.8,0.0,nan,6,0,0,6,0,866,0,0,0.0,nan,0,0,0
ClassD,RaceHorsesD,all,22,32,1.0,100.0,0.5,0.0,nan,13,0,0,13,0,1626,0,0,0.0,nan,0,0,0
ClassD,RaceHorsesD,0,22,64,0.3,100.0,0.1,0.0,nan,7,0,0,7,0,760,0,0,0.0,nan,0,0,0
ClassD,RaceHorsesD,17,22,64,1.6,100.0,0.8,0.0,nan,6,0,0,6,0,866,0,0,0.0,nan,0,0,0
ClassD,RaceHorsesD,all,22,64,1.0,100.0,0.5,0.0,nan,13,0,0,13,0,1626,0,0,0.0,nan,0,0,0
ClassD,RaceHorsesD,0,26,16,0.3,100.0,0.1,0.0,nan,7,0,0,7,0,760,0,0,0.0,nan,0,0,0
ClassD,RaceHorsesD,17,26,16,1.6,100.0,0.8,0.0,nan,6,0,0,6,0,866,0,0,0.0,nan,0,0,0
ClassD,RaceHorsesD,all,26,16,1.0,100.0,0.5,0.0,nan,13,0,0,13,0,1626,0,0,0.0,nan,0,0,0
ClassD,RaceHorsesD,0,26,32,0.3,100.0,0.1,0.0,nan,7,0,0,7,0,760,0,0,0.0,nan,0,0,0
ClassD,RaceHorsesD,17,26,32,1.6,100.0,0.8,0.0,nan,6,0,0,6,0,866,0,0,0.0,nan,0,0,0
ClassD,RaceHorsesD,all,26,32,1.0,100.0,0.5,0.0,nan,13,0,0,13,0,1626,0,0,0.0,nan,0,0,0
ClassD,RaceHorsesD,0,26,64,0.3,100.0,0.1,0.0,nan,7,0,0,7,0,760,0,0,0.0,nan,0,0,0
ClassD,RaceHorsesD,17,26,64,1.6,100.0,0.8,0.0,nan,6,0,0,6,0,866,0,0,0.0,nan,0,0,0
ClassD,RaceHorsesD,all,26,64,1.0,100.0,0.5,0.0,nan,13,0,0,13,0,1626,0,0,0.0,nan,0,0,0
ClassD,RaceHorsesD,0,30,16,0.3,100.0,0.1,0.0,nan,7,0,0,7,0,760,0,0,0.0,nan,0,0,0
ClassD,RaceHorsesD,17,30,16,1.6,100.0,0.8,0.0,nan,6,0,0,6,0,866,0,0,0.0,nan,0,0,0
ClassD,RaceHorsesD,all,30,16,1.0,100.0,0.5,0.0,nan,13,0,0,13,0,1626,0,0,0.0,nan,0,0,0
ClassD,RaceHorsesD,0,30,32,0.3,100.0,0.1,0.0,nan,7,0,0,7,0,760,0,0,0.0,nan,0,0,0
ClassD,RaceHorsesD,17,30,32,1.6,100.0,0.8,0.0,nan,6,0,0,6,0,866,0,0,0.0,nan,0,0,0
ClassD,RaceHorsesD,all,30,32,1.0,100.0,0.5,0.0,nan,13,0,0,13,0,1626,0,0,0.0,nan,0,0,0
ClassD,RaceHorsesD,0,30,64,0.3,100.0,0.1,0.0,nan,7,0,0,7,0,760,0,0,0.0,nan,0,0,0
ClassD,RaceHorsesD,17,30,64,1.6,100.0,0.8,0.0,nan,6,0,0,6,0,866,0,0,0.0,nan,0,0,0
ClassD,RaceHorsesD,all,30,64,1.0,100.0,0.5,0.0,nan,13,0,0,13,0,1626,0,0,0.0,nan,0,0,0
ClassD,RaceHorsesD,0,34,16,0.3,100.0,0.1,0.0,nan,7,0,0,7,0,760,0,0,0.0,nan,0,0,0
ClassD,RaceHorsesD,17,34,16,1.6,100.0,0.8,0.0,nan,6,0,0,6,0,866,0,0,0.0,nan,0,0,0
ClassD,RaceHorsesD,all,34,16,1.0,100.0,0.5,0.0,nan,13,0,0,13,0,1626,0,0,0.0,nan,0,0,0
ClassD,RaceHorsesD,0,34,32,0.3,100.0,0.1,0.0,nan,7,0,0,7,0,760,0,0,0.0,nan,0,0,0
ClassD,RaceHorsesD,17,34,32,1.6,100.0,0.8,0.0,nan,6,0,0,6,0,866,0,0,0.0,nan,0,0,0
ClassD,RaceHorsesD,all,34,32,1.0,100.0,0.5,0.0,nan,13,0,0,13,0,1626,0,0,0.0,nan,0,0,0
ClassD,RaceHorsesD,0,34,64,0.3,100.0,0.1,0.0,nan,7,0,0,7,0,760,0,0,0.0,nan,0,0,0
ClassD,RaceHorsesD,17,34,64,1.6,100.0,0.8,0.0,nan,6,0,0,6,0,866,0,0,0.0,nan,0,0,0
ClassD,RaceHorsesD,all,34,64,1.0,100.0,0.5,0.0,nan,13,0,0,13,0,1626,0,0,0.0,nan,0,0,0
ClassD,RaceHorsesD,0,38,16,0.3,100.0,0.1,0.0,nan,7,0,0,7,0,760,0,0,0.0,nan,0,0,0
ClassD,RaceHorsesD,17,38,16,1.6,100.0,0.8,0.0,nan,6,0,0,6,0,866,0,0,0.0,nan,0,0,0
ClassD,RaceHorsesD,all,38,16,1.0,100.0,0.5,0.0,nan,13,0,0,13,0,1626,0,0,0.0,nan,0,0,0
ClassD,RaceHorsesD,0,38,32,0.3,100.0,0.1,0.0,nan,7,0,0,7,0,760,0,0,0.0,nan,0,0,0
ClassD,RaceHorsesD,17,38,32,1.6,100.0,0.8,0.0,nan,6,0,0,6,0,866,0,0,0.0,nan,0,0,0
ClassD,RaceHorsesD,all,38,32,1.0,100.0,0.5,0.0,nan,13,0,0,13,0,1626,0,0,0.0,nan,0,0,0
ClassD,RaceHorsesD,0,38,64,0.3,100.0,0.1,0.0,nan,7,0,0,7,0,760,0,0,0.0,nan,0,0,0
ClassD,RaceHorsesD,17,38,64,1.6,100.0,0.8,0.0,nan,6,0,0,6,0,866,0,0,0.0,nan,0,0,0
ClassD,RaceHorsesD,all,38,64,1.0,100.0,0.5,0.0,nan,13,0,0,13,0,1626,0,0,0.0,nan,0,0,0
ClassE,FourPeople,0,18,16,27.4,65.1,17.3,21.7,81.3,22,5,0,17,656,10341,18,24,16.6,0.287,0,12,0
ClassE,FourPeople,41,18,16,62.6,52.1,78.4,92.0,61.2,4,4,0,0,1402,191,4,5,33.5,0.305,0,4,0
ClassE,FourPeople,56,18,16,37.9,26.6,66.0,89.9,36.2,2,2,0,0,470,30,2,1,-69.0,0.311,0,2,0
ClassE,FourPeople,58,18,16,100.0,100.0,100.0,100.0,100.0,1,1,0,0,0,0,0,0,100.0,0.337,0,0,0
ClassE,FourPeople,all,18,16,39.8,58.7,30.1,36.0,70.1,29,12,0,17,2528,10562,24,30,20.5,0.300,0,18,0
ClassE,FourPeople,0,18,32,26.5,63.0,16.8,21.5,80.8,22,5,0,17,677,10358,16,25,16.3,0.283,0,10,0
ClassE,FourPeople,41,18,32,71.9,59.8,90.2,92.0,61.0,4,4,0,0,1410,192,2,4,33.2,0.307,0,2,0
ClassE,FourPeople,56,18,32,37.9,26.9,64.3,88.2,36.8,2,2,0,0,449,35,2,2,-63.6,0.306,0,2,0
ClassE,FourPeople,58,18,32,100.0,100.0,100.0,100.0,100.0,1,1,0,0,0,0,0,0,100.0,0.342,0,0,0
ClassE,FourPeople,all,18,32,41.5,61.2,31.4,35.8,70.0,29,12,0,17,2536,10585,20,31,20.3,0.299,0,14,0
ClassE,FourPeople,0,18,64,26.4,62.8,16.8,21.9,82.1,22,5,0,17,632,10309,14,32,17.0,0.289,0,13,0
ClassE,FourPeople,41,18,64,72.3,60.3,90.2,92.0,61.5,4,4,0,0,1384,192,3,4,34.2,0.307,0,3,0
ClassE,FourPeople,56,18,64,36.6,25.6,64.3,88.6,35.2,2,2,0,0,484,34,2,2,-75.1,0.309,0,2,0
ClassE,FourPeople,58,18,64,100.0,100.0,100.0,100.0,100.0,1,1,0,0,0,0,0,0,100.0,0.340,0,0,0
ClassE,FourPeople,all,18,64,41.4,61.1,31.3,36.1,70.4,29,12,0,17,2501,10536,19,37,20.9,0.302,0,18,0
ClassE,FourPeople,0,22,16,31.1,73.7,19.7,21.8,81.6,22,5,0,17,648,10324,7,18,16.8,0.265,0,6,0
ClassE,FourPeople,41,22,16,72.0,59.8,90.4,92.2,61.0,4,4,0,0,1415,187,2,3,33.2,0.311,0,2,0
ClassE,FourPeople,56,22,16,36.0,24.7,66.3,90.2,33.6,2,2,0,0,529,29,2,1,-88.6,0.300,0,2,0
ClassE,FourPeople,58,22,16,100.0,100.0,100.0,100.0,100.0,1,1,0,0,0,0,0,0,100.0,0.338,0,0,0
ClassE,FourPeople,all,22,16,44.4,65.1,33.7,36.1,69.7,29,12,0,17,2592,10540,11,22,20.3,0.291,0,10,0
ClassE,FourPeople,0,22,32,31.7,76.1,20.0,22.3,84.7,22,5,0,17,532,10257,7,21,18.2,0.264,0,6,0
ClassE,FourPeople,41,22,32,72.2,60.1,90.5,92.6,61.6,4,4,0,0,1388,178,3,4,34.6,0.310,0,3,0
ClassE,FourPeople,56,22,32,36.9,25.6,66.3,89.9,34.7,2,2,0,0,503,30,2,1,-80.1,0.301,0,2,0
ClassE,FourPeople,58,22,32,100.0,100.0,100.0,100.0,100.0,1,1,0,0,0,0,0,0,100.0,0.339,0,0,0
ClassE,FourPeople,all,22,32,45.0,66.4,34.0,36.6,71.3,29,12,0,17,2423,10465,12,26,21.8,0.290,0,11,0
ClassE,FourPeople,0,22,64,27.6,65.3,17.5,22.2,82.7,22,5,0,17,611,10273,9,25,17.5,0.284,0,9,0
ClassE,FourPeople,41,22,64,72.0,59.9,90.2,92.2,61.1,4,4,0,0,1406,188,4,5,33.4,0.308,0,4,0
ClassE,FourPeople,56,22,64,37.3,25.9,66.3,89.9,35.1,2,2,0,0,493,30,2,1,-76.8,0.301,0,2,0
ClassE,FourPeople,58,22,64,100.0,100.0,100.0,100.0,100.0,1,1,0,0,0,0,0,0,100.0,0.341,0,0,0
ClassE,FourPeople,all,22,64,42.2,61.9,32.0,36.4,70.5,29,12,0,17,2510,10491,15,31,21.1,0.300,0,15,0
ClassE,FourPeople,0,26,16,29.4,71.7,18.5,22.6,87.4,22,5,0,17,429,10219,9,18,19.3,0.258,0,8,0
ClassE,FourPeople,41,26,16,73.2,61.6,90.2,91.5,62.6,4,4,0,0,1315,203,2,4,36.7,0.315,0,2,0
ClassE,FourPeople,56,26,16,45.2,31.9,77.8,91.6,37.5,2,2,0,0,453,25,1,1,-61.3,0.305,0,1,0
ClassE,FourPeople,58,26,16,100.0,100.0,100.0,100.0,100.0,1,1,0,0,0,0,0,0,100.0,0.337,0,0,0
ClassE,FourPeople,all,26,16,44.0,66.0,33.0,36.7,73.4,29,12,0,17,2197,10447,12,23,23.3,0.289,0,11,0
ClassE,FourPeople,0,26,32,31.2,74.5,19.7,22.2,84.1,22,5,0,17,556,10265,8,20,18.0,0.266,0,7,0
ClassE,FourPeople,41,26,32,62.4,51.8,78.5,91.9,60.6,4,4,0,0,1434,194,4,4,32.0,0.314,0,4,0
ClassE,FourPeople,56,26,32,34.4,23.4,64.6,88.6,32.1,2,2,0,0,557,34,2,2,-99.7,0.312,0,2,0
ClassE,FourPeople,58,26,32,100.0,100.0,100.0,100.0,100.0,1,1,0,0,0,0,0,0,100.0,0.332,0,0,0
ClassE,FourPeople,all,26,32,42.1,61.7,32.0,36.4,70.2,29,12,0,17,2547,10493,14,26,20.9,0.292,0,13,0
ClassE,FourPeople,0,26,64,33.3,80.8,20.9,22.4,86.5,22,5,0,17,463,10239,5,15,18.9,0.257,0,4,0
ClassE,FourPeople,41,26,64,71.7,59.5,90.4,92.1,60.6,4,4,0,0,1436,189,3,3,32.2,0.314,0,3,0
ClassE,FourPeople,56,26,64,35.4,24.2,66.3,89.9,32.8,2,2,0,0,548,30,2,1,-95.3,0.299,0,2,0
ClassE,FourPeople,58,26,64,100.0,100.0,100.0,100.0,100.0,1,1,0,0,0,0,0,0,100.0,0.336,0,0,0
ClassE,FourPeople,all,26,64,45.9,67.5,34.7,36.6,71.2,29,12,0,17,2447,10458,10,19,21.7,0.288,0,9,0
ClassE,FourPeople,0,30,16,29.5,70.0,18.7,22.8,85.1,22,5,0,17,527,10196,12,25,18.7,0.287,0,10,0
ClassE,FourPeople,41,30,16,62.4,51.8,78.3,91.0,60.2,4,4,0,0,1442,216,5,5,30.7,0.311,0,5,0
ClassE,FourPeople,56,30,16,46.6,33.2,77.8,91.6,39.1,2,2,0,0,423,25,1,1,-51.2,0.310,0,1,0
ClassE,FourPeople,58,30,16,100.0,100.0,100.0,100.0,100.0,1,1,0,0,0,0,0,0,100.0,0.337,0,0,0
ClassE,FourPeople,all,30,16,41.5,61.3,31.4,36.7,71.7,29,12,0,17,2392,10437,18,31,22.1,0.301,0,16,0
ClassE,FourPeople,0,30,32,30.5,72.5,19.3,22.8,85.8,22,5,0,17,499,10190,12,27,18.9,0.280,0,11,0
ClassE,FourPeople,41,30,32,62.6,52.2,78.4,91.1,60.6,4,4,0,0,1420,214,6,8,31.7,0.313,0,6,0
ClassE,FourPeople,56,30,32,46.4,33.0,78.1,91.9,38.9,2,2,0,0,429,24,1,1,-52.9,0.310,0,1,0
ClassE,FourPeople,58,30,32,100.0,100.0,100.0,100.0,100.0,1,1,0,0,0,0,0,0,100.0,0.337,0,0,0
ClassE,FourPeople,all,30,32,42.2,62.5,31.9,36.8,72.1,29,12,0,17,2348,10428,19,36,22.4,0.299,0,18,0
ClassE,FourPeople,0,30,64,32.4,78.7,20.4,22.6,87.1,22,5,0,17,442,10220,9,22,19.2,0.282,0,7,0
ClassE,FourPeople,41,30,64,71.8,59.5,90.4,91.5,60.3,4,4,0,0,1448,204,4,5,31.0,0.307,0,4,0
ClassE,FourPeople,56,30,64,36.3,25.0,66.7,90.6,33.9,2,2,0,0,524,28,2,1,-86.5,0.307,0,2,0
ClassE,FourPeople,58,30,64,100.0,100.0,100.0,100.0,100.0,1,1,0,0,0,0,0,0,100.0,0.340,0,0,0
ClassE,FourPeople,all,30,64,45.4,66.9,34.3,36.6,71.5,29,12,0,17,2412,10452,15,28,21.9,0.298,0,13,0
ClassE,FourPeople,0,34,16,25.2,64.4,15.6,21.8,89.6,22,5,0,17,332,10326,13,18,19.2,0.267,0,11,0
ClassE,FourPeople,41,34,16,73.3,61.7,90.3,91.2,62.3,4,4,0,0,1323,210,3,5,36.0,0.310,0,3,0
ClassE,FourPeople,56,34,16,37.0,25.7,66.3,89.2,34.5,2,1,1,0,503,32,2,1,-80.8,0.307,0,2,0
ClassE,FourPeople,58,34,16,100.0,100.0,100.0,100.0,100.0,1,1,0,0,0,0,0,0,100.0,0.333,0,0,0
ClassE,FourPeople,all,34,16,40.9,62.2,30.5,35.9,73.3,29,11,1,17,2157,10568,18,24,22.8,0.291,0,16,0
ClassE,FourPeople,0,34,32,25.4,66.8,15.7,22.0,93.8,22,5,0,17,191,10293,10,18,20.5,0.264,0,9,0
ClassE,FourPeople,41,34,32,72.0,59.8,90.4,91.5,60.5,4,4,0,0,1432,204,3,4,31.7,0.305,0,3,0
ClassE,FourPeople,56,34,32,49.7,36.5,77.8,91.6,43.0,2,2,0,0,361,25,1,1,-30.3,0.313,0,1,0
ClassE,FourPeople,58,34,32,100.0,100.0,100.0,100.0,100.0,1,1,0,0,0,0,0,0,100.0,0.331,0,0,0
ClassE,FourPeople,all,34,32,41.5,63.7,30.7,36.2,75.1,29,12,0,17,1984,10522,14,23,24.1,0.288,0,13,0
ClassE,FourPeople,0,34,64,28.6,73.2,17.8,21.8,90.1,22,5,0,17,318,10316,10,19,19.4,0.262,0,8,0
ClassE,FourPeople,41,34,64,62.9,52.5,78.4,91.7,61.4,4,4,0,0,1383,199,5,6,33.9,0.306,0,5,0
ClassE,FourPeople,56,34,64,42.0,30.7,66.7,89.2,41.0,2,1,1,0,381,32,2,1,-39.7,0.309,0,2,0
ClassE,FourPeople,58,34,64,100.0,100.0,100.0,100.0,100.0,1,1,0,0,0,0,0,0,100.0,0.332,0,0,0
ClassE,FourPeople,all,34,64,41.0,62.6,30.5,36.1,74.1,29,11,1,17,2082,10547,17,26,23.3,0.288,0,15,0
ClassE,FourPeople,0,38,16,19.8,60.1,11.9,17.2,86.9,22,4,0,18,343,10933,25,21,14.4,0.218,0,23,0
ClassE,FourPeople,41,38,16,74.5,63.3,90.4,90.9,63.7,4,3,1,0,1242,218,2,3,39.1,0.304,0,2,0
ClassE,FourPeople,56,38,16,44.6,33.9,65.3,89.2,46.2,2,2,0,0,308,32,2,1,-15.2,0.310,0,2,0
ClassE,FourPeople,58,38,16,100.0,100.0,100.0,100.0,100.0,1,1,0,0,0,0,0,0,100.0,0.312,0,0,0
ClassE,FourPeople,all,38,16,38.2,62.9,27.5,32.2,73.8,29,10,1,18,1888,11183,29,25,20.6,0.269,0,27,0
ClassE,FourPeople,0,38,32,20.0,61.0,12.0,17.1,87.4,22,4,0,18,326,10940,23,22,14.5,0.222,0,21,0
ClassE,FourPeople,41,38,32,74.3,63.1,90.4,90.9,63.4,4,3,1,0,1259,219,5,5,38.2,0.310,0,5,0
ClassE,FourPeople,56,38,32,58.8,45.8,81.8,95.6,53.6,2,2,0,0,246,13,1,3,12.5,0.318,0,1,0
ClassE,FourPeople,58,38,32,100.0,100.0,100.0,100.0,100.0,1,1,0,0,0,0,0,0,100.0,0.320,0,0,0
ClassE,FourPeople,all,38,32,38.8,64.2,27.8,32.3,74.4,29,10,1,18,1828,11174,29,30,21.0,0.274,0,27,0
ClassE,FourPeople,0,38,64,21.5,66.6,12.8,16.8,87.2,22,3,1,18,326,10978,16,20,14.2,0.201,0,15,0
ClassE,FourPeople,41,38,64,74.1,62.9,90.0,90.5,63.2,4,3,1,0,1264,228,3,5,37.7,0.311,0,3,0
ClassE,FourPeople,56,38,64,56.8,44.2,79.5,93.3,51.9,2,2,0,0,257,20,1,1,6.4,0.318,0,1,0
ClassE,FourPeople,58,38,64,100.0,100.0,100.0,100.0,100.0,1,1,0,0,0,0,0,0,100.0,0.310,0,0,0
ClassE,FourPeople,all,38,64,39.7,65.9,28.4,32.0,74.0,29,9,2,18,1848,11226,20,26,20.6,0.265,0,19,0
ClassE,Johnny,0,18,16,94.7,90.0,100.0,100.0,90.0,9,9,0,0,600,0,0,0,88.9,0.237,0,0,0
ClassE,Johnny,27,18,16,100.0,100.0,100.0,100.0,100.0,1,1,0,0,0,0,0,0,100.0,0.140,0,0,0
ClassE,Johnny,63,18,16,100.0,100.0,100.0,100.0,100.0,1,1,0,0,0,0,0,0,100.0,0.211,0,0,0
ClassE,Johnny,all,18,16,95.7,91.7,100.0,100.0,91.7,11,11,0,0,600,0,0,0,90.9,0.226,0,0,0
ClassE,Johnny,0,18,32,94.7,90.0,100.0,100.0,90.0,9,9,0,0,600,0,0,0,88.9,0.235,0,0,0
ClassE,Johnny,27,18,32,100.0,100.0,100.0,100.0,100.0,1,1,0,0,0,0,0,0,100.0,0.140,0,0,0
ClassE,Johnny,63,18,32,100.0,100.0,100.0,100.0,100.0,1,1,0,0,0,0,0,0,100.0,0.209,0,0,0
ClassE,Johnny,all,18,32,95.7,91.7,100.0,100.0,91.7,11,11,0,0,600,0,0,0,90.9,0.224,0,0,0
ClassE,Johnny,0,18,64,94.7,90.0,100.0,100.0,90.0,9,9,0,0,600,0,0,0,88.9,0.235,0,0,0
ClassE,Johnny,27,18,64,100.0,100.0,100.0,100.0,100.0,1,1,0,0,0,0,0,0,100.0,0.139,0,0,0
ClassE,Johnny,63,18,64,100.0,100.0,100.0,100.0,100.0,1,1,0,0,0,0,0,0,100.0,0.207,0,0,0
ClassE,Johnny,all,18,64,95.7,91.7,100.0,100.0,91.7,11,11,0,0,600,0,0,0,90.9,0.224,0,0,0
ClassE,Johnny,0,22,16,94.7,90.0,100.0,100.0,90.0,9,9,0,0,600,0,0,0,88.9,0.238,0,0,0
ClassE,Johnny,27,22,16,100.0,100.0,100.0,100.0,100.0,1,1,0,0,0,0,0,0,100.0,0.139,0,0,0
ClassE,Johnny,63,22,16,100.0,100.0,100.0,100.0,100.0,1,1,0,0,0,0,0,0,100.0,0.209,0,0,0
ClassE,Johnny,all,22,16,95.7,91.7,100.0,100.0,91.7,11,11,0,0,600,0,0,0,90.9,0.226,0,0,0
ClassE,Johnny,0,22,32,94.7,90.0,100.0,100.0,90.0,9,9,0,0,600,0,0,0,88.9,0.239,0,0,0
ClassE,Johnny,27,22,32,100.0,100.0,100.0,100.0,100.0,1,1,0,0,0,0,0,0,100.0,0.139,0,0,0
ClassE,Johnny,63,22,32,100.0,100.0,100.0,100.0,100.0,1,1,0,0,0,0,0,0,100.0,0.211,0,0,0
ClassE,Johnny,all,22,32,95.7,91.7,100.0,100.0,91.7,11,11,0,0,600,0,0,0,90.9,0.227,0,0,0
ClassE,Johnny,0,22,64,94.7,90.0,100.0,100.0,90.0,9,9,0,0,600,0,0,0,88.9,0.241,0,0,0
ClassE,Johnny,27,22,64,100.0,100.0,100.0,100.0,100.0,1,1,0,0,0,0,0,0,100.0,0.139,0,0,0
ClassE,Johnny,63,22,64,100.0,100.0,100.0,100.0,100.0,1,1,0,0,0,0,0,0,100.0,0.208,0,0,0
ClassE,Johnny,all,22,64,95.7,91.7,100.0,100.0,91.7,11,11,0,0,600,0,0,0,90.9,0.229,0,0,0
ClassE,Johnny,0,26,16,88.7,87.7,89.7,91.1,89.1,9,8,0,1,600,481,5,6,79.9,0.221,0,5,0
ClassE,Johnny,27,26,16,100.0,100.0,100.0,100.0,100.0,1,1,0,0,0,0,0,0,100.0,0.138,0,0,0
ClassE,Johnny,63,26,16,100.0,100.0,100.0,100.0,100.0,1,1,0,0,0,0,0,0,100.0,0.215,0,0,0
ClassE,Johnny,all,26,16,90.7,89.9,91.5,92.7,91.1,11,10,0,1,600,481,5,6,83.5,0.212,0,5,0
ClassE,Johnny,0,26,32,91.1,88.7,93.6,94.4,89.5,9,8,1,0,600,304,2,3,83.2,0.223,0,2,0
ClassE,Johnny,27,26,32,100.0,100.0,100.0,100.0,100.0,1,1,0,0,0,0,0,0,100.0,0.138,0,0,0
ClassE,Johnny,63,26,32,100.0,100.0,100.0,100.0,100.0,1,1,0,0,0,0,0,0,100.0,0.217,0,0,0
ClassE,Johnny,all,26,32,92.6,90.7,94.7,95.4,91.3,11,10,1,0,600,304,2,3,86.3,0.214,0,2,0
ClassE,Johnny,0,26,64,84.4,84.8,84.0,88.0,88.8,9,8,0,1,600,650,3,4,76.8,0.221,0,3,0
ClassE,Johnny,27,26,64,100.0,100.0,100.0,100.0,100.0,1,1,0,0,0,0,0,0,100.0,0.137,0,0,0
ClassE,Johnny,63,26,64,100.0,100.0,100.0,100.0,100.0,1,1,0,0,0,0,0,0,100.0,0.219,0,0,0
ClassE,Johnny,all,26,64,87.2,87.6,86.9,90.2,90.8,11,10,0,1,600,650,3,4,81.0,0.213,0,3,0
ClassE,Johnny,0,30,16,89.2,86.0,92.7,96.7,89.7,9,8,1,0,600,178,5,10,85.5,0.239,0,5,0
ClassE,Johnny,27,30,16,100.0,100.0,100.0,100.0,100.0,1,1,0,0,0,0,0,0,100.0,0.136,0,0,0
ClassE,Johnny,63,30,16,100.0,100.0,100.0,100.0,100.0,1,1,0,0,0,0,0,0,100.0,0.212,0,0,0
ClassE,Johnny,all,30,16,91.1,88.4,94.0,97.3,91.5,11,10,1,0,600,178,5,10,88.1,0.227,0,5,0
ClassE,Johnny,0,30,32,86.4,85.6,87.1,90.6,89.1,9,7,2,0,600,507,7,16,79.4,0.235,0,7,0
ClassE,Johnny,27,30,32,100.0,100.0,100.0,100.0,100.0,1,1,0,0,0,0,0,0,100.0,0.137,0,0,0
ClassE,Johnny,63,30,32,100.0,100.0,100.0,100.0,100.0,1,1,0,0,0,0,0,0,100.0,0.215,0,0,0
ClassE,Johnny,all,30,32,88.8,88.2,89.5,92.3,91.0,11,9,2,0,600,507,7,16,83.1,0.223,0,7,0
ClassE,Johnny,0,30,64,85.4,82.3,88.9,96.9,89.7,9,9,0,0,600,170,5,7,85.6,0.237,0,5,0
ClassE,Johnny,27,30,64,100.0,100.0,100.0,100.0,100.0,1,1,0,0,0,0,0,0,100.0,0.137,0,0,0
ClassE,Johnny,63,30,64,100.0,100.0,100.0,100.0,100.0,1,1,0,0,0,0,0,0,100.0,0.218,0,0,0
ClassE,Johnny,all,30,64,88.0,85.3,90.9,97.4,91.5,11,11,0,0,600,170,5,7,88.3,0.226,0,5,0
ClassE,Johnny,0,34,16,82.4,87.5,77.8,77.8,87.5,9,7,0,2,600,1200,0,0,66.7,0.213,0,0,0
ClassE,Johnny,27,34,16,100.0,100.0,100.0,100.0,100.0,1,1,0,0,0,0,0,0,100.0,0.135,0,0,0
ClassE,Johnny,63,34,16,100.0,100.0,100.0,100.0,100.0,1,1,0,0,0,0,0,0,100.0,0.212,0,0,0
ClassE,Johnny,all,34,16,85.7,90.0,81.8,81.8,90.0,11,9,0,2,600,1200,0,0,72.7,0.204,0,0,0
ClassE,Johnny,0,34,32,82.4,87.5,77.8,77.8,87.5,9,7,0,2,600,1200,0,0,66.7,0.211,0,0,0
ClassE,Johnny,27,34,32,100.0,100.0,100.0,100.0,100.0,1,1,0,0,0,0,0,0,100.0,0.135,0,0,0
ClassE,Johnny,63,34,32,100.0,100.0,100.0,100.0,100.0,1,1,0,0,0,0,0,0,100.0,0.220,0,0,0
ClassE,Johnny,all,34,32,85.7,90.0,81.8,81.8,90.0,11,9,0,2,600,1200,0,0,72.7,0.204,0,0,0
ClassE,Johnny,0,34,64,82.4,87.5,77.8,77.8,87.5,9,7,0,2,600,1200,0,0,66.7,0.210,0,0,0
ClassE,Johnny,27,34,64,100.0,100.0,100.0,100.0,100.0,1,1,0,0,0,0,0,0,100.0,0.133,0,0,0
ClassE,Johnny,63,34,64,100.0,100.0,100.0,100.0,100.0,1,1,0,0,0,0,0,0,100.0,0.221,0,0,0
ClassE,Johnny,all,34,64,85.7,90.0,81.8,81.8,90.0,11,9,0,2,600,1200,0,0,72.7,0.203,0,0,0
ClassE,Johnny,0,38,16,76.9,86.2,69.5,69.5,86.2,9,6,1,2,600,1645,1,1,58.4,0.238,0,1,0
ClassE,Johnny,27,38,16,100.0,100.0,100.0,100.0,100.0,1,1,0,0,0,0,0,0,100.0,0.134,0,0,0
ClassE,Johnny,63,38,16,100.0,100.0,100.0,100.0,100.0,1,1,0,0,0,0,0,0,100.0,0.234,0,0,0
ClassE,Johnny,all,38,16,81.5,89.2,75.0,75.1,89.2,11,8,1,2,600,1645,1,1,66.0,0.225,0,1,0
ClassE,Johnny,0,38,32,75.8,85.2,68.3,69.0,86.1,9,6,1,2,600,1672,2,3,57.9,0.249,0,2,0
ClassE,Johnny,27,38,32,100.0,100.0,100.0,100.0,100.0,1,1,0,0,0,0,0,0,100.0,0.139,0,0,0
ClassE,Johnny,63,38,32,100.0,100.0,100.0,100.0,100.0,1,1,0,0,0,0,0,0,100.0,0.224,0,0,0
ClassE,Johnny,all,38,32,80.6,88.4,74.1,74.7,89.1,11,8,1,2,600,1672,2,3,65.5,0.233,0,2,0
ClassE,Johnny,0,38,64,75.0,85.7,66.7,66.7,85.7,9,6,0,3,600,1800,0,0,55.6,0.246,0,0,0
ClassE,Johnny,27,38,64,100.0,100.0,100.0,100.0,100.0,1,1,0,0,0,0,0,0,100.0,0.138,0,0,0
ClassE,Johnny,63,38,64,100.0,100.0,100.0,100.0,100.0,1,1,0,0,0,0,0,0,100.0,0.231,0,0,0
ClassE,Johnny,all,38,64,80.0,88.9,72.7,72.7,88.9,11,8,0,3,600,1800,0,0,63.6,0.231,0,0,0
ClassE,KristenAndSara,0,18,16,44.3,74.7,31.5,31.5,74.7,15,4,1,10,833,5351,0,3,20.8,0.210,0,0,0
ClassE,KristenAndSara,63,18,16,0.0,0.0,0.0,0.0,0.0,1,0,0,1,600,600,0,0,-100.0,nan,0,0,0
ClassE,KristenAndSara,67,18,16,9.2,56.6,5.0,8.7,98.1,1,0,0,1,1,548,2,2,8.2,0.300,0,2,0
ClassE,KristenAndSara,all,18,16,38.4,63.1,27.6,27.8,63.6,17,4,1,12,1434,6499,2,5,11.9,0.212,0,2,0
ClassE,KristenAndSara,0,18,32,44.1,74.4,31.3,31.3,74.4,15,4,0,11,841,5361,0,1,20.6,0.208,0,0,0
ClassE,KristenAndSara,63,18,32,0.0,0.0,0.0,0.0,0.0,1,0,0,1,600,600,0,0,-100.0,nan,0,0,0
ClassE,KristenAndSara,67,18,32,11.1,56.1,6.2,10.8,98.5,1,0,0,1,1,535,2,3,10.3,0.306,0,2,0
ClassE,KristenAndSara,all,18,32,38.3,62.8,27.6,27.9,63.5,17,4,0,13,1442,6496,2,4,11.8,0.211,0,2,0
ClassE,KristenAndSara,0,18,64,43.9,73.4,31.3,31.3,73.4,15,4,0,11,885,5361,0,1,20.0,0.208,0,0,0
ClassE,KristenAndSara,63,18,64,0.0,0.0,0.0,0.0,0.0,1,0,0,1,600,600,0,0,-100.0,nan,0,0,0
ClassE,KristenAndSara,67,18,64,11.5,51.3,6.5,12.7,100.0,1,0,0,1,0,524,4,4,12.0,0.313,0,4,0
ClassE,KristenAndSara,all,18,64,38.2,62.0,27.6,28.0,62.9,17,4,0,13,1485,6485,4,5,11.5,0.212,0,4,0
ClassE,KristenAndSara,0,22,16,44.3,74.1,31.5,31.5,74.1,15,4,0,11,861,5344,0,3,20.5,0.209,0,0,0
ClassE,KristenAndSara,63,22,16,0.0,0.0,0.0,0.0,0.0,1,0,0,1,606,600,0,0,-101.0,nan,0,0,0
ClassE,KristenAndSara,67,22,16,13.8,49.0,8.0,16.2,99.0,1,0,0,1,1,503,6,6,15.0,0.303,0,6,0
ClassE,KristenAndSara,all,22,16,38.5,62.3,27.9,28.4,63.6,17,4,0,13,1468,6447,6,9,12.1,0.212,0,6,0
ClassE,KristenAndSara,0,22,32,44.0,74.5,31.2,31.4,74.8,15,4,0,11,823,5359,3,8,20.8,0.206,0,3,0
ClassE,KristenAndSara,63,22,32,0.0,0.0,0.0,0.0,0.0,1,0,0,1,603,600,0,0,-100.5,nan,0,0,0
ClassE,KristenAndSara,67,22,32,17.6,35.5,11.7,32.7,99.5,1,0,1,0,1,404,6,7,31.5,0.320,0,6,0
ClassE,KristenAndSara,all,22,32,38.3,61.6,27.8,29.4,64.9,17,4,1,12,1427,6363,9,15,13.4,0.215,0,9,0
ClassE,KristenAndSara,0,22,64,44.4,73.5,31.8,31.8,73.5,15,4,0,11,893,5328,0,5,20.3,0.210,0,0,0
ClassE,KristenAndSara,63,22,64,0.0,0.0,0.0,0.0,0.0,1,0,0,1,601,600,0,0,-100.2,nan,0,0,0
ClassE,KristenAndSara,67,22,64,13.6,40.2,8.2,20.2,99.2,1,0,1,0,1,479,6,6,19.0,0.319,0,6,0
ClassE,KristenAndSara,all,22,64,38.6,61.7,28.1,28.9,63.5,17,4,1,12,1495,6407,6,11,12.2,0.215,0,6,0
ClassE,KristenAndSara,0,26,16,44.2,75.0,31.3,31.3,75.0,15,4,0,11,814,5364,0,1,20.9,0.204,0,0,0
ClassE,KristenAndSara,63,26,16,0.0,0.0,0.0,0.0,0.0,1,0,0,1,600,600,0,0,-100.0,nan,0,0,0
ClassE,KristenAndSara,67,26,16,13.1,32.9,8.2,24.0,96.6,1,0,1,0,5,456,4,4,22.5,0.306,0,4,0
ClassE,KristenAndSara,all,26,16,38.3,62.2,27.7,28.7,64.6,17,4,1,12,1419,6420,4,5,12.9,0.210,0,4,0
ClassE,KristenAndSara,0,26,32,44.2,75.0,31.3,31.5,75.5,15,4,0,11,800,5345,1,2,21.3,0.207,0,1,0
ClassE,KristenAndSara,63,26,32,0.0,0.0,0.0,0.0,0.0,1,0,0,1,600,600,0,0,-100.0,nan,0,0,0
ClassE,KristenAndSara,67,26,32,15.7,46.0,9.5,19.8,96.0,1,0,0,1,5,481,5,5,18.2,0.304,0,5,0
ClassE,KristenAndSara,all,26,32,38.5,62.8,27.8,28.7,64.8,17,4,0,13,1405,6426,6,7,13.0,0.212,0,6,0
ClassE,KristenAndSara,0,26,64,44.6,76.5,31.5,32.0,77.7,15,4,0,11,715,5312,1,6,22.8,0.210,0,1,0
ClassE,KristenAndSara,63,26,64,0.0,0.0,0.0,0.0,0.0,1,0,0,1,600,600,0,0,-100.0,nan,0,0,0
ClassE,KristenAndSara,67,26,64,14.8,36.1,9.3,25.0,96.8,1,0,1,0,5,450,5,7,23.3,0.312,0,5,0
ClassE,KristenAndSara,all,26,64,38.7,63.4,27.9,29.4,66.7,17,4,1,12,1320,6362,6,13,14.6,0.216,0,6,0
ClassE,KristenAndSara,0,30,16,43.8,73.4,31.2,31.3,73.6,15,4,0,11,878,5362,1,1,20.1,0.191,0,1,0
ClassE,KristenAndSara,63,30,16,0.0,0.0,0.0,0.0,0.0,1,0,0,1,600,600,0,0,-100.0,nan,0,0,0
ClassE,KristenAndSara,67,30,16,62.9,70.3,56.8,80.8,100.0,1,1,0,0,0,115,2,3,80.5,0.352,0,2,0
ClassE,KristenAndSara,all,30,16,41.4,63.1,30.9,32.5,66.5,17,5,0,12,1478,6077,3,4,16.1,0.218,0,3,0
ClassE,KristenAndSara,0,30,32,43.8,72.6,31.3,31.7,73.5,15,4,0,11,891,5330,2,2,20.3,0.189,0,2,0
ClassE,KristenAndSara,63,30,32,0.0,0.0,0.0,0.0,0.0,1,0,0,1,600,600,0,0,-100.0,nan,0,0,0
ClassE,KristenAndSara,67,30,32,22.7,28.6,18.8,65.8,100.0,1,0,1,0,0,205,6,7,64.8,0.361,0,6,0
ClassE,KristenAndSara,all,30,32,38.3,58.6,28.4,31.9,65.8,17,4,1,12,1491,6135,8,9,15.2,0.212,0,8,0
ClassE,KristenAndSara,0,30,64,43.8,73.1,31.2,31.5,73.7,15,4,0,11,879,5349,1,1,20.2,0.190,0,1,0
ClassE,KristenAndSara,63,30,64,0.0,0.0,0.0,0.0,0.0,1,0,0,1,600,600,0,0,-100.0,nan,0,0,0
ClassE,KristenAndSara,67,30,64,22.5,31.6,17.5,55.3,100.0,1,0,1,0,0,268,5,8,54.5,0.345,0,5,0
ClassE,KristenAndSara,all,30,64,38.3,59.6,28.2,31.0,65.4,17,4,1,12,1479,6217,6,9,14.5,0.208,0,6,0
ClassE,KristenAndSara,0,34,16,43.6,73.6,31.0,31.0,73.6,15,4,0,11,868,5389,0,0,19.9,0.204,0,0,0
ClassE,KristenAndSara,63,34,16,0.0,0.0,0.0,0.0,0.0,1,0,0,1,600,600,0,0,-100.0,nan,0,0,0
ClassE,KristenAndSara,67,34,16,59.9,63.6,56.7,89.2,100.0,1,1,0,0,0,65,1,2,89.0,0.334,0,1,0
ClassE,KristenAndSara,all,34,16,41.1,62.4,30.6,32.8,66.8,17,5,0,12,1468,6054,1,2,16.5,0.228,0,1,0
ClassE,KristenAndSara,0,34,32,44.2,76.1,31.1,31.1,76.1,15,4,0,11,762,5377,0,3,21.4,0.201,0,0,0
ClassE,KristenAndSara,63,34,32,0.0,0.0,0.0,0.0,0.0,1,0,0,1,600,600,0,0,-100.0,nan,0,0,0
ClassE,KristenAndSara,67,34,32,59.5,61.9,57.3,90.8,98.0,1,1,0,0,11,55,1,1,88.8,0.340,0,1,0
ClassE,KristenAndSara,all,34,32,41.5,63.8,30.8,33.0,68.4,17,5,0,12,1373,6032,1,4,17.8,0.226,0,1,0
ClassE,KristenAndSara,0,34,64,44.0,76.6,30.9,30.9,76.6,15,4,0,11,738,5395,0,0,21.4,0.202,0,0,0
ClassE,KristenAndSara,63,34,64,0.0,0.0,0.0,0.0,0.0,1,0,0,1,600,600,0,0,-100.0,nan,0,0,0
ClassE,KristenAndSara,67,34,64,57.9,58.4,57.3,98.2,100.0,1,1,0,0,0,11,1,1,98.0,0.345,0,1,0
ClassE,KristenAndSara,all,34,64,41.3,63.5,30.6,33.3,69.2,17,5,0,12,1338,6006,1,1,18.5,0.230,0,1,0
ClassE,KristenAndSara,0,38,16,41.3,75.3,28.5,30.5,80.6,15,4,0,11,572,5427,2,3,23.1,0.197,0,2,0
ClassE,KristenAndSara,63,38,16,0.0,0.0,0.0,0.0,0.0,1,0,0,1,600,600,0,0,-100.0,nan,0,0,0
ClassE,KristenAndSara,67,38,16,100.0,100.0,100.0,100.0,100.0,1,1,0,0,0,0,0,0,100.0,0.354,0,0,0
ClassE,KristenAndSara,all,38,16,42.9,68.0,31.3,33.1,71.8,17,5,0,12,1172,6027,2,3,20.1,0.229,0,2,0
ClassE,KristenAndSara,0,38,32,44.4,80.7,30.7,30.7,80.8,15,4,0,11,570,5411,1,3,23.4,0.198,0,1,0
ClassE,KristenAndSara,63,38,32,0.0,0.0,0.0,0.0,0.0,1,0,0,1,595,600,0,0,-99.2,nan,0,0,0
ClassE,KristenAndSara,67,38,32,100.0,100.0,100.0,100.0,100.0,1,1,0,0,0,0,0,0,100.0,0.353,0,0,0
ClassE,KristenAndSara,all,38,32,45.5,71.9,33.2,33.3,72.0,17,5,0,12,1165,6011,1,3,20.3,0.229,0,1,0
ClassE,KristenAndSara,0,38,64,41.6,76.2,28.6,30.5,81.3,15,4,0,11,549,5426,3,6,23.4,0.197,0,3,0
ClassE,KristenAndSara,63,38,64,0.0,0.0,0.0,0.0,0.0,1,0,0,1,603,600,0,0,-100.5,nan,0,0,0
ClassE,KristenAndSara,67,38,64,100.0,100.0,100.0,100.0,100.0,1,1,0,0,0,0,0,0,100.0,0.351,0,0,0
ClassE,KristenAndSara,all,38,64,43.1,68.5,31.4,33.1,72.1,17,5,0,12,1152,6026,3,6,20.3,0.228,0,3,0
